0c80008b0a28d356026f4b1097041689,276,20150901
0c80008b0a28d356026f4b1097041689,266,20150902
0c80008b0a28d356026f4b1097041689,272,20150903
0c80008b0a28d356026f4b1097041689,302,20150904
0c80008b0a28d356026f4b1097041689,325,20150905
0c80008b0a28d356026f4b1097041689,331,20150906
0c80008b0a28d356026f4b1097041689,330,20150907
0c80008b0a28d356026f4b1097041689,294,20150908
0c80008b0a28d356026f4b1097041689,269,20150909
0c80008b0a28d356026f4b1097041689,270,20150910
0c80008b0a28d356026f4b1097041689,276,20150911
0c80008b0a28d356026f4b1097041689,294,20150912
0c80008b0a28d356026f4b1097041689,333,20150913
0c80008b0a28d356026f4b1097041689,373,20150914
0c80008b0a28d356026f4b1097041689,353,20150915
0c80008b0a28d356026f4b1097041689,307,20150916
0c80008b0a28d356026f4b1097041689,241,20150917
0c80008b0a28d356026f4b1097041689,255,20150918
0c80008b0a28d356026f4b1097041689,302,20150919
0c80008b0a28d356026f4b1097041689,271,20150920
0c80008b0a28d356026f4b1097041689,240,20150921
0c80008b0a28d356026f4b1097041689,248,20150922
0c80008b0a28d356026f4b1097041689,259,20150923
0c80008b0a28d356026f4b1097041689,288,20150924
0c80008b0a28d356026f4b1097041689,322,20150925
0c80008b0a28d356026f4b1097041689,345,20150926
0c80008b0a28d356026f4b1097041689,335,20150927
0c80008b0a28d356026f4b1097041689,326,20150928
0c80008b0a28d356026f4b1097041689,237,20150929
0c80008b0a28d356026f4b1097041689,216,20150930
0c80008b0a28d356026f4b1097041689,310,20151001
0c80008b0a28d356026f4b1097041689,267,20151002
0c80008b0a28d356026f4b1097041689,249,20151003
0c80008b0a28d356026f4b1097041689,282,20151004
0c80008b0a28d356026f4b1097041689,319,20151005
0c80008b0a28d356026f4b1097041689,275,20151006
0c80008b0a28d356026f4b1097041689,325,20151007
0c80008b0a28d356026f4b1097041689,300,20151008
0c80008b0a28d356026f4b1097041689,323,20151009
0c80008b0a28d356026f4b1097041689,265,20151010
0c80008b0a28d356026f4b1097041689,246,20151011
0c80008b0a28d356026f4b1097041689,302,20151012
0c80008b0a28d356026f4b1097041689,268,20151013
0c80008b0a28d356026f4b1097041689,222,20151014
0c80008b0a28d356026f4b1097041689,307,20151015
0c80008b0a28d356026f4b1097041689,259,20151016
0c80008b0a28d356026f4b1097041689,275,20151017
0c80008b0a28d356026f4b1097041689,259,20151018
0c80008b0a28d356026f4b1097041689,325,20151019
0c80008b0a28d356026f4b1097041689,256,20151020
0c80008b0a28d356026f4b1097041689,253,20151021
0c80008b0a28d356026f4b1097041689,222,20151022
0c80008b0a28d356026f4b1097041689,244,20151023
0c80008b0a28d356026f4b1097041689,256,20151024
0c80008b0a28d356026f4b1097041689,271,20151025
0c80008b0a28d356026f4b1097041689,325,20151026
0c80008b0a28d356026f4b1097041689,338,20151027
0c80008b0a28d356026f4b1097041689,242,20151028
0c80008b0a28d356026f4b1097041689,286,20151029
0c80008b0a28d356026f4b1097041689,316,20151030
25739ad1c56a511fcac86018ac4e49bb,231,20150901
25739ad1c56a511fcac86018ac4e49bb,131,20150902
25739ad1c56a511fcac86018ac4e49bb,106,20150903
25739ad1c56a511fcac86018ac4e49bb,157,20150904
25739ad1c56a511fcac86018ac4e49bb,108,20150905
25739ad1c56a511fcac86018ac4e49bb,114,20150906
25739ad1c56a511fcac86018ac4e49bb,114,20150907
25739ad1c56a511fcac86018ac4e49bb,124,20150908
25739ad1c56a511fcac86018ac4e49bb,103,20150909
25739ad1c56a511fcac86018ac4e49bb,89,20150910
25739ad1c56a511fcac86018ac4e49bb,134,20150911
25739ad1c56a511fcac86018ac4e49bb,129,20150912
25739ad1c56a511fcac86018ac4e49bb,179,20150913
25739ad1c56a511fcac86018ac4e49bb,125,20150914
25739ad1c56a511fcac86018ac4e49bb,139,20150915
25739ad1c56a511fcac86018ac4e49bb,113,20150916
25739ad1c56a511fcac86018ac4e49bb,150,20150917
25739ad1c56a511fcac86018ac4e49bb,145,20150918
25739ad1c56a511fcac86018ac4e49bb,179,20150919
25739ad1c56a511fcac86018ac4e49bb,148,20150920
25739ad1c56a511fcac86018ac4e49bb,214,20150921
25739ad1c56a511fcac86018ac4e49bb,114,20150922
25739ad1c56a511fcac86018ac4e49bb,113,20150923
25739ad1c56a511fcac86018ac4e49bb,164,20150924
25739ad1c56a511fcac86018ac4e49bb,106,20150925
25739ad1c56a511fcac86018ac4e49bb,157,20150926
25739ad1c56a511fcac86018ac4e49bb,154,20150927
25739ad1c56a511fcac86018ac4e49bb,185,20150928
25739ad1c56a511fcac86018ac4e49bb,174,20150929
25739ad1c56a511fcac86018ac4e49bb,128,20150930
25739ad1c56a511fcac86018ac4e49bb,72,20151001
25739ad1c56a511fcac86018ac4e49bb,150,20151002
25739ad1c56a511fcac86018ac4e49bb,146,20151003
25739ad1c56a511fcac86018ac4e49bb,161,20151004
25739ad1c56a511fcac86018ac4e49bb,139,20151005
25739ad1c56a511fcac86018ac4e49bb,127,20151006
25739ad1c56a511fcac86018ac4e49bb,167,20151007
25739ad1c56a511fcac86018ac4e49bb,106,20151008
25739ad1c56a511fcac86018ac4e49bb,226,20151009
25739ad1c56a511fcac86018ac4e49bb,124,20151010
25739ad1c56a511fcac86018ac4e49bb,204,20151011
25739ad1c56a511fcac86018ac4e49bb,273,20151012
25739ad1c56a511fcac86018ac4e49bb,293,20151013
25739ad1c56a511fcac86018ac4e49bb,168,20151014
25739ad1c56a511fcac86018ac4e49bb,221,20151015
25739ad1c56a511fcac86018ac4e49bb,178,20151016
25739ad1c56a511fcac86018ac4e49bb,233,20151017
25739ad1c56a511fcac86018ac4e49bb,126,20151018
25739ad1c56a511fcac86018ac4e49bb,115,20151019
25739ad1c56a511fcac86018ac4e49bb,159,20151020
25739ad1c56a511fcac86018ac4e49bb,107,20151021
25739ad1c56a511fcac86018ac4e49bb,157,20151022
25739ad1c56a511fcac86018ac4e49bb,153,20151023
25739ad1c56a511fcac86018ac4e49bb,185,20151024
25739ad1c56a511fcac86018ac4e49bb,168,20151025
25739ad1c56a511fcac86018ac4e49bb,129,20151026
25739ad1c56a511fcac86018ac4e49bb,72,20151027
25739ad1c56a511fcac86018ac4e49bb,151,20151028
25739ad1c56a511fcac86018ac4e49bb,146,20151029
25739ad1c56a511fcac86018ac4e49bb,161,20151030
2e14d32266ee6b4678595f8f50c369ac,1922,20150901
2e14d32266ee6b4678595f8f50c369ac,1922,20150902
2e14d32266ee6b4678595f8f50c369ac,1922,20150903
2e14d32266ee6b4678595f8f50c369ac,1922,20150904
2e14d32266ee6b4678595f8f50c369ac,1922,20150905
2e14d32266ee6b4678595f8f50c369ac,1922,20150906
2e14d32266ee6b4678595f8f50c369ac,1922,20150907
2e14d32266ee6b4678595f8f50c369ac,1922,20150908
2e14d32266ee6b4678595f8f50c369ac,1922,20150909
2e14d32266ee6b4678595f8f50c369ac,1922,20150910
2e14d32266ee6b4678595f8f50c369ac,1922,20150911
2e14d32266ee6b4678595f8f50c369ac,1922,20150912
2e14d32266ee6b4678595f8f50c369ac,1922,20150913
2e14d32266ee6b4678595f8f50c369ac,1922,20150914
2e14d32266ee6b4678595f8f50c369ac,1922,20150915
2e14d32266ee6b4678595f8f50c369ac,1922,20150916
2e14d32266ee6b4678595f8f50c369ac,1922,20150917
2e14d32266ee6b4678595f8f50c369ac,1922,20150918
2e14d32266ee6b4678595f8f50c369ac,1922,20150919
2e14d32266ee6b4678595f8f50c369ac,1922,20150920
2e14d32266ee6b4678595f8f50c369ac,1922,20150921
2e14d32266ee6b4678595f8f50c369ac,1922,20150922
2e14d32266ee6b4678595f8f50c369ac,1922,20150923
2e14d32266ee6b4678595f8f50c369ac,1922,20150924
2e14d32266ee6b4678595f8f50c369ac,1922,20150925
2e14d32266ee6b4678595f8f50c369ac,1922,20150926
2e14d32266ee6b4678595f8f50c369ac,1922,20150927
2e14d32266ee6b4678595f8f50c369ac,1922,20150928
2e14d32266ee6b4678595f8f50c369ac,1922,20150929
2e14d32266ee6b4678595f8f50c369ac,1922,20150930
2e14d32266ee6b4678595f8f50c369ac,1922,20151001
2e14d32266ee6b4678595f8f50c369ac,1922,20151002
2e14d32266ee6b4678595f8f50c369ac,1922,20151003
2e14d32266ee6b4678595f8f50c369ac,1922,20151004
2e14d32266ee6b4678595f8f50c369ac,1922,20151005
2e14d32266ee6b4678595f8f50c369ac,1922,20151006
2e14d32266ee6b4678595f8f50c369ac,1922,20151007
2e14d32266ee6b4678595f8f50c369ac,1922,20151008
2e14d32266ee6b4678595f8f50c369ac,1922,20151009
2e14d32266ee6b4678595f8f50c369ac,1922,20151010
2e14d32266ee6b4678595f8f50c369ac,1922,20151011
2e14d32266ee6b4678595f8f50c369ac,1922,20151012
2e14d32266ee6b4678595f8f50c369ac,1922,20151013
2e14d32266ee6b4678595f8f50c369ac,1922,20151014
2e14d32266ee6b4678595f8f50c369ac,1922,20151015
2e14d32266ee6b4678595f8f50c369ac,1922,20151016
2e14d32266ee6b4678595f8f50c369ac,1922,20151017
2e14d32266ee6b4678595f8f50c369ac,1922,20151018
2e14d32266ee6b4678595f8f50c369ac,1922,20151019
2e14d32266ee6b4678595f8f50c369ac,1922,20151020
2e14d32266ee6b4678595f8f50c369ac,1922,20151021
2e14d32266ee6b4678595f8f50c369ac,1922,20151022
2e14d32266ee6b4678595f8f50c369ac,1922,20151023
2e14d32266ee6b4678595f8f50c369ac,1922,20151024
2e14d32266ee6b4678595f8f50c369ac,1922,20151025
2e14d32266ee6b4678595f8f50c369ac,1922,20151026
2e14d32266ee6b4678595f8f50c369ac,1922,20151027
2e14d32266ee6b4678595f8f50c369ac,1922,20151028
2e14d32266ee6b4678595f8f50c369ac,1922,20151029
2e14d32266ee6b4678595f8f50c369ac,1922,20151030
445a257964b9689f115a69e8cc5dcb75,226,20150901
445a257964b9689f115a69e8cc5dcb75,296,20150902
445a257964b9689f115a69e8cc5dcb75,246,20150903
445a257964b9689f115a69e8cc5dcb75,411,20150904
445a257964b9689f115a69e8cc5dcb75,527,20150905
445a257964b9689f115a69e8cc5dcb75,934,20150906
445a257964b9689f115a69e8cc5dcb75,1369,20150907
445a257964b9689f115a69e8cc5dcb75,1482,20150908
445a257964b9689f115a69e8cc5dcb75,1526,20150909
445a257964b9689f115a69e8cc5dcb75,1141,20150910
445a257964b9689f115a69e8cc5dcb75,1275,20150911
445a257964b9689f115a69e8cc5dcb75,816,20150912
445a257964b9689f115a69e8cc5dcb75,782,20150913
445a257964b9689f115a69e8cc5dcb75,804,20150914
445a257964b9689f115a69e8cc5dcb75,821,20150915
445a257964b9689f115a69e8cc5dcb75,788,20150916
445a257964b9689f115a69e8cc5dcb75,703,20150917
445a257964b9689f115a69e8cc5dcb75,608,20150918
445a257964b9689f115a69e8cc5dcb75,566,20150919
445a257964b9689f115a69e8cc5dcb75,435,20150920
445a257964b9689f115a69e8cc5dcb75,538,20150921
445a257964b9689f115a69e8cc5dcb75,468,20150922
445a257964b9689f115a69e8cc5dcb75,445,20150923
445a257964b9689f115a69e8cc5dcb75,388,20150924
445a257964b9689f115a69e8cc5dcb75,497,20150925
445a257964b9689f115a69e8cc5dcb75,360,20150926
445a257964b9689f115a69e8cc5dcb75,405,20150927
445a257964b9689f115a69e8cc5dcb75,336,20150928
445a257964b9689f115a69e8cc5dcb75,445,20150929
445a257964b9689f115a69e8cc5dcb75,415,20150930
445a257964b9689f115a69e8cc5dcb75,313,20151001
445a257964b9689f115a69e8cc5dcb75,315,20151002
445a257964b9689f115a69e8cc5dcb75,352,20151003
445a257964b9689f115a69e8cc5dcb75,298,20151004
445a257964b9689f115a69e8cc5dcb75,283,20151005
445a257964b9689f115a69e8cc5dcb75,256,20151006
445a257964b9689f115a69e8cc5dcb75,340,20151007
445a257964b9689f115a69e8cc5dcb75,433,20151008
445a257964b9689f115a69e8cc5dcb75,353,20151009
445a257964b9689f115a69e8cc5dcb75,283,20151010
445a257964b9689f115a69e8cc5dcb75,284,20151011
445a257964b9689f115a69e8cc5dcb75,239,20151012
445a257964b9689f115a69e8cc5dcb75,320,20151013
445a257964b9689f115a69e8cc5dcb75,281,20151014
445a257964b9689f115a69e8cc5dcb75,250,20151015
445a257964b9689f115a69e8cc5dcb75,320,20151016
445a257964b9689f115a69e8cc5dcb75,208,20151017
445a257964b9689f115a69e8cc5dcb75,163,20151018
445a257964b9689f115a69e8cc5dcb75,269,20151019
445a257964b9689f115a69e8cc5dcb75,199,20151020
445a257964b9689f115a69e8cc5dcb75,147,20151021
445a257964b9689f115a69e8cc5dcb75,177,20151022
445a257964b9689f115a69e8cc5dcb75,174,20151023
445a257964b9689f115a69e8cc5dcb75,190,20151024
445a257964b9689f115a69e8cc5dcb75,208,20151025
445a257964b9689f115a69e8cc5dcb75,251,20151026
445a257964b9689f115a69e8cc5dcb75,227,20151027
445a257964b9689f115a69e8cc5dcb75,291,20151028
445a257964b9689f115a69e8cc5dcb75,246,20151029
445a257964b9689f115a69e8cc5dcb75,405,20151030
5e2ef5473cbbdb335f6d51dc57845437,610,20150901
5e2ef5473cbbdb335f6d51dc57845437,610,20150902
5e2ef5473cbbdb335f6d51dc57845437,610,20150903
5e2ef5473cbbdb335f6d51dc57845437,610,20150904
5e2ef5473cbbdb335f6d51dc57845437,610,20150905
5e2ef5473cbbdb335f6d51dc57845437,610,20150906
5e2ef5473cbbdb335f6d51dc57845437,610,20150907
5e2ef5473cbbdb335f6d51dc57845437,610,20150908
5e2ef5473cbbdb335f6d51dc57845437,610,20150909
5e2ef5473cbbdb335f6d51dc57845437,610,20150910
5e2ef5473cbbdb335f6d51dc57845437,610,20150911
5e2ef5473cbbdb335f6d51dc57845437,610,20150912
5e2ef5473cbbdb335f6d51dc57845437,610,20150913
5e2ef5473cbbdb335f6d51dc57845437,610,20150914
5e2ef5473cbbdb335f6d51dc57845437,610,20150915
5e2ef5473cbbdb335f6d51dc57845437,610,20150916
5e2ef5473cbbdb335f6d51dc57845437,610,20150917
5e2ef5473cbbdb335f6d51dc57845437,610,20150918
5e2ef5473cbbdb335f6d51dc57845437,610,20150919
5e2ef5473cbbdb335f6d51dc57845437,610,20150920
5e2ef5473cbbdb335f6d51dc57845437,610,20150921
5e2ef5473cbbdb335f6d51dc57845437,610,20150922
5e2ef5473cbbdb335f6d51dc57845437,610,20150923
5e2ef5473cbbdb335f6d51dc57845437,610,20150924
5e2ef5473cbbdb335f6d51dc57845437,610,20150925
5e2ef5473cbbdb335f6d51dc57845437,610,20150926
5e2ef5473cbbdb335f6d51dc57845437,610,20150927
5e2ef5473cbbdb335f6d51dc57845437,610,20150928
5e2ef5473cbbdb335f6d51dc57845437,610,20150929
5e2ef5473cbbdb335f6d51dc57845437,610,20150930
5e2ef5473cbbdb335f6d51dc57845437,610,20151001
5e2ef5473cbbdb335f6d51dc57845437,610,20151002
5e2ef5473cbbdb335f6d51dc57845437,610,20151003
5e2ef5473cbbdb335f6d51dc57845437,610,20151004
5e2ef5473cbbdb335f6d51dc57845437,610,20151005
5e2ef5473cbbdb335f6d51dc57845437,610,20151006
5e2ef5473cbbdb335f6d51dc57845437,610,20151007
5e2ef5473cbbdb335f6d51dc57845437,610,20151008
5e2ef5473cbbdb335f6d51dc57845437,610,20151009
5e2ef5473cbbdb335f6d51dc57845437,610,20151010
5e2ef5473cbbdb335f6d51dc57845437,610,20151011
5e2ef5473cbbdb335f6d51dc57845437,610,20151012
5e2ef5473cbbdb335f6d51dc57845437,610,20151013
5e2ef5473cbbdb335f6d51dc57845437,610,20151014
5e2ef5473cbbdb335f6d51dc57845437,610,20151015
5e2ef5473cbbdb335f6d51dc57845437,610,20151016
5e2ef5473cbbdb335f6d51dc57845437,610,20151017
5e2ef5473cbbdb335f6d51dc57845437,610,20151018
5e2ef5473cbbdb335f6d51dc57845437,610,20151019
5e2ef5473cbbdb335f6d51dc57845437,610,20151020
5e2ef5473cbbdb335f6d51dc57845437,610,20151021
5e2ef5473cbbdb335f6d51dc57845437,610,20151022
5e2ef5473cbbdb335f6d51dc57845437,610,20151023
5e2ef5473cbbdb335f6d51dc57845437,610,20151024
5e2ef5473cbbdb335f6d51dc57845437,610,20151025
5e2ef5473cbbdb335f6d51dc57845437,610,20151026
5e2ef5473cbbdb335f6d51dc57845437,610,20151027
5e2ef5473cbbdb335f6d51dc57845437,610,20151028
5e2ef5473cbbdb335f6d51dc57845437,610,20151029
5e2ef5473cbbdb335f6d51dc57845437,610,20151030
6a493121e53d83f9e119b02942d7c8fe,401,20150901
6a493121e53d83f9e119b02942d7c8fe,451,20150902
6a493121e53d83f9e119b02942d7c8fe,365,20150903
6a493121e53d83f9e119b02942d7c8fe,320,20150904
6a493121e53d83f9e119b02942d7c8fe,372,20150905
6a493121e53d83f9e119b02942d7c8fe,360,20150906
6a493121e53d83f9e119b02942d7c8fe,342,20150907
6a493121e53d83f9e119b02942d7c8fe,461,20150908
6a493121e53d83f9e119b02942d7c8fe,404,20150909
6a493121e53d83f9e119b02942d7c8fe,358,20150910
6a493121e53d83f9e119b02942d7c8fe,353,20150911
6a493121e53d83f9e119b02942d7c8fe,328,20150912
6a493121e53d83f9e119b02942d7c8fe,370,20150913
6a493121e53d83f9e119b02942d7c8fe,472,20150914
6a493121e53d83f9e119b02942d7c8fe,440,20150915
6a493121e53d83f9e119b02942d7c8fe,387,20150916
6a493121e53d83f9e119b02942d7c8fe,393,20150917
6a493121e53d83f9e119b02942d7c8fe,306,20150918
6a493121e53d83f9e119b02942d7c8fe,295,20150919
6a493121e53d83f9e119b02942d7c8fe,372,20150920
6a493121e53d83f9e119b02942d7c8fe,376,20150921
6a493121e53d83f9e119b02942d7c8fe,427,20150922
6a493121e53d83f9e119b02942d7c8fe,401,20150923
6a493121e53d83f9e119b02942d7c8fe,373,20150924
6a493121e53d83f9e119b02942d7c8fe,346,20150925
6a493121e53d83f9e119b02942d7c8fe,388,20150926
6a493121e53d83f9e119b02942d7c8fe,366,20150927
6a493121e53d83f9e119b02942d7c8fe,394,20150928
6a493121e53d83f9e119b02942d7c8fe,389,20150929
6a493121e53d83f9e119b02942d7c8fe,410,20150930
6a493121e53d83f9e119b02942d7c8fe,434,20151001
6a493121e53d83f9e119b02942d7c8fe,412,20151002
6a493121e53d83f9e119b02942d7c8fe,381,20151003
6a493121e53d83f9e119b02942d7c8fe,339,20151004
6a493121e53d83f9e119b02942d7c8fe,339,20151005
6a493121e53d83f9e119b02942d7c8fe,359,20151006
6a493121e53d83f9e119b02942d7c8fe,456,20151007
6a493121e53d83f9e119b02942d7c8fe,396,20151008
6a493121e53d83f9e119b02942d7c8fe,393,20151009
6a493121e53d83f9e119b02942d7c8fe,502,20151010
6a493121e53d83f9e119b02942d7c8fe,369,20151011
6a493121e53d83f9e119b02942d7c8fe,373,20151012
6a493121e53d83f9e119b02942d7c8fe,326,20151013
6a493121e53d83f9e119b02942d7c8fe,410,20151014
6a493121e53d83f9e119b02942d7c8fe,404,20151015
6a493121e53d83f9e119b02942d7c8fe,359,20151016
6a493121e53d83f9e119b02942d7c8fe,378,20151017
6a493121e53d83f9e119b02942d7c8fe,352,20151018
6a493121e53d83f9e119b02942d7c8fe,293,20151019
6a493121e53d83f9e119b02942d7c8fe,309,20151020
6a493121e53d83f9e119b02942d7c8fe,364,20151021
6a493121e53d83f9e119b02942d7c8fe,548,20151022
6a493121e53d83f9e119b02942d7c8fe,391,20151023
6a493121e53d83f9e119b02942d7c8fe,400,20151024
6a493121e53d83f9e119b02942d7c8fe,415,20151025
6a493121e53d83f9e119b02942d7c8fe,350,20151026
6a493121e53d83f9e119b02942d7c8fe,289,20151027
6a493121e53d83f9e119b02942d7c8fe,467,20151028
6a493121e53d83f9e119b02942d7c8fe,361,20151029
6a493121e53d83f9e119b02942d7c8fe,427,20151030
8da51d03b8b8717431e8b902856fb45e,941,20150901
8da51d03b8b8717431e8b902856fb45e,941,20150902
8da51d03b8b8717431e8b902856fb45e,941,20150903
8da51d03b8b8717431e8b902856fb45e,941,20150904
8da51d03b8b8717431e8b902856fb45e,941,20150905
8da51d03b8b8717431e8b902856fb45e,941,20150906
8da51d03b8b8717431e8b902856fb45e,941,20150907
8da51d03b8b8717431e8b902856fb45e,941,20150908
8da51d03b8b8717431e8b902856fb45e,941,20150909
8da51d03b8b8717431e8b902856fb45e,941,20150910
8da51d03b8b8717431e8b902856fb45e,941,20150911
8da51d03b8b8717431e8b902856fb45e,941,20150912
8da51d03b8b8717431e8b902856fb45e,941,20150913
8da51d03b8b8717431e8b902856fb45e,941,20150914
8da51d03b8b8717431e8b902856fb45e,941,20150915
8da51d03b8b8717431e8b902856fb45e,941,20150916
8da51d03b8b8717431e8b902856fb45e,941,20150917
8da51d03b8b8717431e8b902856fb45e,941,20150918
8da51d03b8b8717431e8b902856fb45e,941,20150919
8da51d03b8b8717431e8b902856fb45e,941,20150920
8da51d03b8b8717431e8b902856fb45e,941,20150921
8da51d03b8b8717431e8b902856fb45e,941,20150922
8da51d03b8b8717431e8b902856fb45e,941,20150923
8da51d03b8b8717431e8b902856fb45e,941,20150924
8da51d03b8b8717431e8b902856fb45e,941,20150925
8da51d03b8b8717431e8b902856fb45e,941,20150926
8da51d03b8b8717431e8b902856fb45e,941,20150927
8da51d03b8b8717431e8b902856fb45e,941,20150928
8da51d03b8b8717431e8b902856fb45e,941,20150929
8da51d03b8b8717431e8b902856fb45e,941,20150930
8da51d03b8b8717431e8b902856fb45e,941,20151001
8da51d03b8b8717431e8b902856fb45e,941,20151002
8da51d03b8b8717431e8b902856fb45e,941,20151003
8da51d03b8b8717431e8b902856fb45e,941,20151004
8da51d03b8b8717431e8b902856fb45e,941,20151005
8da51d03b8b8717431e8b902856fb45e,941,20151006
8da51d03b8b8717431e8b902856fb45e,941,20151007
8da51d03b8b8717431e8b902856fb45e,941,20151008
8da51d03b8b8717431e8b902856fb45e,941,20151009
8da51d03b8b8717431e8b902856fb45e,941,20151010
8da51d03b8b8717431e8b902856fb45e,941,20151011
8da51d03b8b8717431e8b902856fb45e,941,20151012
8da51d03b8b8717431e8b902856fb45e,941,20151013
8da51d03b8b8717431e8b902856fb45e,941,20151014
8da51d03b8b8717431e8b902856fb45e,941,20151015
8da51d03b8b8717431e8b902856fb45e,941,20151016
8da51d03b8b8717431e8b902856fb45e,941,20151017
8da51d03b8b8717431e8b902856fb45e,941,20151018
8da51d03b8b8717431e8b902856fb45e,941,20151019
8da51d03b8b8717431e8b902856fb45e,941,20151020
8da51d03b8b8717431e8b902856fb45e,941,20151021
8da51d03b8b8717431e8b902856fb45e,941,20151022
8da51d03b8b8717431e8b902856fb45e,941,20151023
8da51d03b8b8717431e8b902856fb45e,941,20151024
8da51d03b8b8717431e8b902856fb45e,941,20151025
8da51d03b8b8717431e8b902856fb45e,941,20151026
8da51d03b8b8717431e8b902856fb45e,941,20151027
8da51d03b8b8717431e8b902856fb45e,941,20151028
8da51d03b8b8717431e8b902856fb45e,941,20151029
8da51d03b8b8717431e8b902856fb45e,941,20151030
8fb3cef29f2c266af4c9ecef3b780e97,1087,20150901
8fb3cef29f2c266af4c9ecef3b780e97,1087,20150902
8fb3cef29f2c266af4c9ecef3b780e97,1087,20150903
8fb3cef29f2c266af4c9ecef3b780e97,1087,20150904
8fb3cef29f2c266af4c9ecef3b780e97,1087,20150905
8fb3cef29f2c266af4c9ecef3b780e97,1087,20150906
8fb3cef29f2c266af4c9ecef3b780e97,1087,20150907
8fb3cef29f2c266af4c9ecef3b780e97,1087,20150908
8fb3cef29f2c266af4c9ecef3b780e97,1087,20150909
8fb3cef29f2c266af4c9ecef3b780e97,1087,20150910
8fb3cef29f2c266af4c9ecef3b780e97,1087,20150911
8fb3cef29f2c266af4c9ecef3b780e97,1087,20150912
8fb3cef29f2c266af4c9ecef3b780e97,1087,20150913
8fb3cef29f2c266af4c9ecef3b780e97,1087,20150914
8fb3cef29f2c266af4c9ecef3b780e97,1087,20150915
8fb3cef29f2c266af4c9ecef3b780e97,1087,20150916
8fb3cef29f2c266af4c9ecef3b780e97,1087,20150917
8fb3cef29f2c266af4c9ecef3b780e97,1087,20150918
8fb3cef29f2c266af4c9ecef3b780e97,1087,20150919
8fb3cef29f2c266af4c9ecef3b780e97,1087,20150920
8fb3cef29f2c266af4c9ecef3b780e97,1087,20150921
8fb3cef29f2c266af4c9ecef3b780e97,1087,20150922
8fb3cef29f2c266af4c9ecef3b780e97,1087,20150923
8fb3cef29f2c266af4c9ecef3b780e97,1087,20150924
8fb3cef29f2c266af4c9ecef3b780e97,1087,20150925
8fb3cef29f2c266af4c9ecef3b780e97,1087,20150926
8fb3cef29f2c266af4c9ecef3b780e97,1087,20150927
8fb3cef29f2c266af4c9ecef3b780e97,1087,20150928
8fb3cef29f2c266af4c9ecef3b780e97,1087,20150929
8fb3cef29f2c266af4c9ecef3b780e97,1087,20150930
8fb3cef29f2c266af4c9ecef3b780e97,1087,20151001
8fb3cef29f2c266af4c9ecef3b780e97,1087,20151002
8fb3cef29f2c266af4c9ecef3b780e97,1087,20151003
8fb3cef29f2c266af4c9ecef3b780e97,1087,20151004
8fb3cef29f2c266af4c9ecef3b780e97,1087,20151005
8fb3cef29f2c266af4c9ecef3b780e97,1087,20151006
8fb3cef29f2c266af4c9ecef3b780e97,1087,20151007
8fb3cef29f2c266af4c9ecef3b780e97,1087,20151008
8fb3cef29f2c266af4c9ecef3b780e97,1087,20151009
8fb3cef29f2c266af4c9ecef3b780e97,1087,20151010
8fb3cef29f2c266af4c9ecef3b780e97,1087,20151011
8fb3cef29f2c266af4c9ecef3b780e97,1087,20151012
8fb3cef29f2c266af4c9ecef3b780e97,1087,20151013
8fb3cef29f2c266af4c9ecef3b780e97,1087,20151014
8fb3cef29f2c266af4c9ecef3b780e97,1087,20151015
8fb3cef29f2c266af4c9ecef3b780e97,1087,20151016
8fb3cef29f2c266af4c9ecef3b780e97,1087,20151017
8fb3cef29f2c266af4c9ecef3b780e97,1087,20151018
8fb3cef29f2c266af4c9ecef3b780e97,1087,20151019
8fb3cef29f2c266af4c9ecef3b780e97,1087,20151020
8fb3cef29f2c266af4c9ecef3b780e97,1087,20151021
8fb3cef29f2c266af4c9ecef3b780e97,1087,20151022
8fb3cef29f2c266af4c9ecef3b780e97,1087,20151023
8fb3cef29f2c266af4c9ecef3b780e97,1087,20151024
8fb3cef29f2c266af4c9ecef3b780e97,1087,20151025
8fb3cef29f2c266af4c9ecef3b780e97,1087,20151026
8fb3cef29f2c266af4c9ecef3b780e97,1087,20151027
8fb3cef29f2c266af4c9ecef3b780e97,1087,20151028
8fb3cef29f2c266af4c9ecef3b780e97,1087,20151029
8fb3cef29f2c266af4c9ecef3b780e97,1087,20151030
9e58afbf3fea116b0050bf56bfb4442e,515,20150901
9e58afbf3fea116b0050bf56bfb4442e,515,20150902
9e58afbf3fea116b0050bf56bfb4442e,515,20150903
9e58afbf3fea116b0050bf56bfb4442e,515,20150904
9e58afbf3fea116b0050bf56bfb4442e,515,20150905
9e58afbf3fea116b0050bf56bfb4442e,515,20150906
9e58afbf3fea116b0050bf56bfb4442e,515,20150907
9e58afbf3fea116b0050bf56bfb4442e,515,20150908
9e58afbf3fea116b0050bf56bfb4442e,515,20150909
9e58afbf3fea116b0050bf56bfb4442e,515,20150910
9e58afbf3fea116b0050bf56bfb4442e,515,20150911
9e58afbf3fea116b0050bf56bfb4442e,515,20150912
9e58afbf3fea116b0050bf56bfb4442e,515,20150913
9e58afbf3fea116b0050bf56bfb4442e,515,20150914
9e58afbf3fea116b0050bf56bfb4442e,515,20150915
9e58afbf3fea116b0050bf56bfb4442e,515,20150916
9e58afbf3fea116b0050bf56bfb4442e,515,20150917
9e58afbf3fea116b0050bf56bfb4442e,515,20150918
9e58afbf3fea116b0050bf56bfb4442e,515,20150919
9e58afbf3fea116b0050bf56bfb4442e,515,20150920
9e58afbf3fea116b0050bf56bfb4442e,515,20150921
9e58afbf3fea116b0050bf56bfb4442e,515,20150922
9e58afbf3fea116b0050bf56bfb4442e,515,20150923
9e58afbf3fea116b0050bf56bfb4442e,515,20150924
9e58afbf3fea116b0050bf56bfb4442e,515,20150925
9e58afbf3fea116b0050bf56bfb4442e,515,20150926
9e58afbf3fea116b0050bf56bfb4442e,515,20150927
9e58afbf3fea116b0050bf56bfb4442e,515,20150928
9e58afbf3fea116b0050bf56bfb4442e,515,20150929
9e58afbf3fea116b0050bf56bfb4442e,515,20150930
9e58afbf3fea116b0050bf56bfb4442e,515,20151001
9e58afbf3fea116b0050bf56bfb4442e,515,20151002
9e58afbf3fea116b0050bf56bfb4442e,515,20151003
9e58afbf3fea116b0050bf56bfb4442e,515,20151004
9e58afbf3fea116b0050bf56bfb4442e,515,20151005
9e58afbf3fea116b0050bf56bfb4442e,515,20151006
9e58afbf3fea116b0050bf56bfb4442e,515,20151007
9e58afbf3fea116b0050bf56bfb4442e,515,20151008
9e58afbf3fea116b0050bf56bfb4442e,515,20151009
9e58afbf3fea116b0050bf56bfb4442e,515,20151010
9e58afbf3fea116b0050bf56bfb4442e,515,20151011
9e58afbf3fea116b0050bf56bfb4442e,515,20151012
9e58afbf3fea116b0050bf56bfb4442e,515,20151013
9e58afbf3fea116b0050bf56bfb4442e,515,20151014
9e58afbf3fea116b0050bf56bfb4442e,515,20151015
9e58afbf3fea116b0050bf56bfb4442e,515,20151016
9e58afbf3fea116b0050bf56bfb4442e,515,20151017
9e58afbf3fea116b0050bf56bfb4442e,515,20151018
9e58afbf3fea116b0050bf56bfb4442e,515,20151019
9e58afbf3fea116b0050bf56bfb4442e,515,20151020
9e58afbf3fea116b0050bf56bfb4442e,515,20151021
9e58afbf3fea116b0050bf56bfb4442e,515,20151022
9e58afbf3fea116b0050bf56bfb4442e,515,20151023
9e58afbf3fea116b0050bf56bfb4442e,515,20151024
9e58afbf3fea116b0050bf56bfb4442e,515,20151025
9e58afbf3fea116b0050bf56bfb4442e,515,20151026
9e58afbf3fea116b0050bf56bfb4442e,515,20151027
9e58afbf3fea116b0050bf56bfb4442e,515,20151028
9e58afbf3fea116b0050bf56bfb4442e,515,20151029
9e58afbf3fea116b0050bf56bfb4442e,515,20151030
ac43c6ce2f9df4adfbb05edd97cecbcc,801,20150901
ac43c6ce2f9df4adfbb05edd97cecbcc,801,20150902
ac43c6ce2f9df4adfbb05edd97cecbcc,801,20150903
ac43c6ce2f9df4adfbb05edd97cecbcc,801,20150904
ac43c6ce2f9df4adfbb05edd97cecbcc,801,20150905
ac43c6ce2f9df4adfbb05edd97cecbcc,801,20150906
ac43c6ce2f9df4adfbb05edd97cecbcc,801,20150907
ac43c6ce2f9df4adfbb05edd97cecbcc,801,20150908
ac43c6ce2f9df4adfbb05edd97cecbcc,801,20150909
ac43c6ce2f9df4adfbb05edd97cecbcc,801,20150910
ac43c6ce2f9df4adfbb05edd97cecbcc,801,20150911
ac43c6ce2f9df4adfbb05edd97cecbcc,801,20150912
ac43c6ce2f9df4adfbb05edd97cecbcc,801,20150913
ac43c6ce2f9df4adfbb05edd97cecbcc,801,20150914
ac43c6ce2f9df4adfbb05edd97cecbcc,801,20150915
ac43c6ce2f9df4adfbb05edd97cecbcc,801,20150916
ac43c6ce2f9df4adfbb05edd97cecbcc,801,20150917
ac43c6ce2f9df4adfbb05edd97cecbcc,801,20150918
ac43c6ce2f9df4adfbb05edd97cecbcc,801,20150919
ac43c6ce2f9df4adfbb05edd97cecbcc,801,20150920
ac43c6ce2f9df4adfbb05edd97cecbcc,801,20150921
ac43c6ce2f9df4adfbb05edd97cecbcc,801,20150922
ac43c6ce2f9df4adfbb05edd97cecbcc,801,20150923
ac43c6ce2f9df4adfbb05edd97cecbcc,801,20150924
ac43c6ce2f9df4adfbb05edd97cecbcc,801,20150925
ac43c6ce2f9df4adfbb05edd97cecbcc,801,20150926
ac43c6ce2f9df4adfbb05edd97cecbcc,801,20150927
ac43c6ce2f9df4adfbb05edd97cecbcc,801,20150928
ac43c6ce2f9df4adfbb05edd97cecbcc,801,20150929
ac43c6ce2f9df4adfbb05edd97cecbcc,801,20150930
ac43c6ce2f9df4adfbb05edd97cecbcc,801,20151001
ac43c6ce2f9df4adfbb05edd97cecbcc,801,20151002
ac43c6ce2f9df4adfbb05edd97cecbcc,801,20151003
ac43c6ce2f9df4adfbb05edd97cecbcc,801,20151004
ac43c6ce2f9df4adfbb05edd97cecbcc,801,20151005
ac43c6ce2f9df4adfbb05edd97cecbcc,801,20151006
ac43c6ce2f9df4adfbb05edd97cecbcc,801,20151007
ac43c6ce2f9df4adfbb05edd97cecbcc,801,20151008
ac43c6ce2f9df4adfbb05edd97cecbcc,801,20151009
ac43c6ce2f9df4adfbb05edd97cecbcc,801,20151010
ac43c6ce2f9df4adfbb05edd97cecbcc,801,20151011
ac43c6ce2f9df4adfbb05edd97cecbcc,801,20151012
ac43c6ce2f9df4adfbb05edd97cecbcc,801,20151013
ac43c6ce2f9df4adfbb05edd97cecbcc,801,20151014
ac43c6ce2f9df4adfbb05edd97cecbcc,801,20151015
ac43c6ce2f9df4adfbb05edd97cecbcc,801,20151016
ac43c6ce2f9df4adfbb05edd97cecbcc,801,20151017
ac43c6ce2f9df4adfbb05edd97cecbcc,801,20151018
ac43c6ce2f9df4adfbb05edd97cecbcc,801,20151019
ac43c6ce2f9df4adfbb05edd97cecbcc,801,20151020
ac43c6ce2f9df4adfbb05edd97cecbcc,801,20151021
ac43c6ce2f9df4adfbb05edd97cecbcc,801,20151022
ac43c6ce2f9df4adfbb05edd97cecbcc,801,20151023
ac43c6ce2f9df4adfbb05edd97cecbcc,801,20151024
ac43c6ce2f9df4adfbb05edd97cecbcc,801,20151025
ac43c6ce2f9df4adfbb05edd97cecbcc,801,20151026
ac43c6ce2f9df4adfbb05edd97cecbcc,801,20151027
ac43c6ce2f9df4adfbb05edd97cecbcc,801,20151028
ac43c6ce2f9df4adfbb05edd97cecbcc,801,20151029
ac43c6ce2f9df4adfbb05edd97cecbcc,801,20151030
