f6e0f05fde7637afb8f8bc6bda74ca24,164,20150901
f6e0f05fde7637afb8f8bc6bda74ca24,156,20150902
f6e0f05fde7637afb8f8bc6bda74ca24,204,20150903
f6e0f05fde7637afb8f8bc6bda74ca24,188,20150904
f6e0f05fde7637afb8f8bc6bda74ca24,163,20150905
f6e0f05fde7637afb8f8bc6bda74ca24,174,20150906
f6e0f05fde7637afb8f8bc6bda74ca24,161,20150907
f6e0f05fde7637afb8f8bc6bda74ca24,144,20150908
f6e0f05fde7637afb8f8bc6bda74ca24,170,20150909
f6e0f05fde7637afb8f8bc6bda74ca24,186,20150910
f6e0f05fde7637afb8f8bc6bda74ca24,201,20150911
f6e0f05fde7637afb8f8bc6bda74ca24,194,20150912
f6e0f05fde7637afb8f8bc6bda74ca24,187,20150913
f6e0f05fde7637afb8f8bc6bda74ca24,203,20150914
f6e0f05fde7637afb8f8bc6bda74ca24,171,20150915
f6e0f05fde7637afb8f8bc6bda74ca24,162,20150916
f6e0f05fde7637afb8f8bc6bda74ca24,223,20150917
f6e0f05fde7637afb8f8bc6bda74ca24,222,20150918
f6e0f05fde7637afb8f8bc6bda74ca24,177,20150919
f6e0f05fde7637afb8f8bc6bda74ca24,223,20150920
f6e0f05fde7637afb8f8bc6bda74ca24,237,20150921
f6e0f05fde7637afb8f8bc6bda74ca24,152,20150922
f6e0f05fde7637afb8f8bc6bda74ca24,320,20150923
f6e0f05fde7637afb8f8bc6bda74ca24,283,20150924
f6e0f05fde7637afb8f8bc6bda74ca24,327,20150925
f6e0f05fde7637afb8f8bc6bda74ca24,245,20150926
f6e0f05fde7637afb8f8bc6bda74ca24,178,20150927
f6e0f05fde7637afb8f8bc6bda74ca24,188,20150928
f6e0f05fde7637afb8f8bc6bda74ca24,173,20150929
f6e0f05fde7637afb8f8bc6bda74ca24,175,20150930
f6e0f05fde7637afb8f8bc6bda74ca24,224,20151001
f6e0f05fde7637afb8f8bc6bda74ca24,171,20151002
f6e0f05fde7637afb8f8bc6bda74ca24,162,20151003
f6e0f05fde7637afb8f8bc6bda74ca24,222,20151004
f6e0f05fde7637afb8f8bc6bda74ca24,143,20151005
f6e0f05fde7637afb8f8bc6bda74ca24,175,20151006
f6e0f05fde7637afb8f8bc6bda74ca24,204,20151007
f6e0f05fde7637afb8f8bc6bda74ca24,230,20151008
f6e0f05fde7637afb8f8bc6bda74ca24,544,20151009
f6e0f05fde7637afb8f8bc6bda74ca24,215,20151010
f6e0f05fde7637afb8f8bc6bda74ca24,283,20151011
f6e0f05fde7637afb8f8bc6bda74ca24,167,20151012
f6e0f05fde7637afb8f8bc6bda74ca24,180,20151013
f6e0f05fde7637afb8f8bc6bda74ca24,279,20151014
f6e0f05fde7637afb8f8bc6bda74ca24,214,20151015
f6e0f05fde7637afb8f8bc6bda74ca24,213,20151016
f6e0f05fde7637afb8f8bc6bda74ca24,221,20151017
f6e0f05fde7637afb8f8bc6bda74ca24,199,20151018
f6e0f05fde7637afb8f8bc6bda74ca24,206,20151019
f6e0f05fde7637afb8f8bc6bda74ca24,177,20151020
f6e0f05fde7637afb8f8bc6bda74ca24,159,20151021
f6e0f05fde7637afb8f8bc6bda74ca24,175,20151022
f6e0f05fde7637afb8f8bc6bda74ca24,189,20151023
f6e0f05fde7637afb8f8bc6bda74ca24,200,20151024
f6e0f05fde7637afb8f8bc6bda74ca24,199,20151025
f6e0f05fde7637afb8f8bc6bda74ca24,189,20151026
f6e0f05fde7637afb8f8bc6bda74ca24,199,20151027
f6e0f05fde7637afb8f8bc6bda74ca24,190,20151028
f6e0f05fde7637afb8f8bc6bda74ca24,168,20151029
f6e0f05fde7637afb8f8bc6bda74ca24,209,20151030
