4ee3f9c90101073c99d5440b41f07daa,34,20150901
4ee3f9c90101073c99d5440b41f07daa,36,20150902
4ee3f9c90101073c99d5440b41f07daa,36,20150903
4ee3f9c90101073c99d5440b41f07daa,50,20150904
4ee3f9c90101073c99d5440b41f07daa,37,20150905
4ee3f9c90101073c99d5440b41f07daa,34,20150906
4ee3f9c90101073c99d5440b41f07daa,28,20150907
4ee3f9c90101073c99d5440b41f07daa,30,20150908
4ee3f9c90101073c99d5440b41f07daa,29,20150909
4ee3f9c90101073c99d5440b41f07daa,32,20150910
4ee3f9c90101073c99d5440b41f07daa,34,20150911
4ee3f9c90101073c99d5440b41f07daa,34,20150912
4ee3f9c90101073c99d5440b41f07daa,41,20150913
4ee3f9c90101073c99d5440b41f07daa,36,20150914
4ee3f9c90101073c99d5440b41f07daa,36,20150915
4ee3f9c90101073c99d5440b41f07daa,40,20150916
4ee3f9c90101073c99d5440b41f07daa,35,20150917
4ee3f9c90101073c99d5440b41f07daa,26,20150918
4ee3f9c90101073c99d5440b41f07daa,26,20150919
4ee3f9c90101073c99d5440b41f07daa,31,20150920
4ee3f9c90101073c99d5440b41f07daa,32,20150921
4ee3f9c90101073c99d5440b41f07daa,35,20150922
4ee3f9c90101073c99d5440b41f07daa,40,20150923
4ee3f9c90101073c99d5440b41f07daa,53,20150924
4ee3f9c90101073c99d5440b41f07daa,39,20150925
4ee3f9c90101073c99d5440b41f07daa,28,20150926
4ee3f9c90101073c99d5440b41f07daa,29,20150927
4ee3f9c90101073c99d5440b41f07daa,33,20150928
4ee3f9c90101073c99d5440b41f07daa,35,20150929
4ee3f9c90101073c99d5440b41f07daa,37,20150930
4ee3f9c90101073c99d5440b41f07daa,43,20151001
4ee3f9c90101073c99d5440b41f07daa,53,20151002
4ee3f9c90101073c99d5440b41f07daa,37,20151003
4ee3f9c90101073c99d5440b41f07daa,29,20151004
4ee3f9c90101073c99d5440b41f07daa,28,20151005
4ee3f9c90101073c99d5440b41f07daa,31,20151006
4ee3f9c90101073c99d5440b41f07daa,26,20151007
4ee3f9c90101073c99d5440b41f07daa,37,20151008
4ee3f9c90101073c99d5440b41f07daa,16,20151009
4ee3f9c90101073c99d5440b41f07daa,32,20151010
4ee3f9c90101073c99d5440b41f07daa,18,20151011
4ee3f9c90101073c99d5440b41f07daa,33,20151012
4ee3f9c90101073c99d5440b41f07daa,42,20151013
4ee3f9c90101073c99d5440b41f07daa,34,20151014
4ee3f9c90101073c99d5440b41f07daa,27,20151015
4ee3f9c90101073c99d5440b41f07daa,21,20151016
4ee3f9c90101073c99d5440b41f07daa,26,20151017
4ee3f9c90101073c99d5440b41f07daa,32,20151018
4ee3f9c90101073c99d5440b41f07daa,34,20151019
4ee3f9c90101073c99d5440b41f07daa,42,20151020
4ee3f9c90101073c99d5440b41f07daa,39,20151021
4ee3f9c90101073c99d5440b41f07daa,44,20151022
4ee3f9c90101073c99d5440b41f07daa,35,20151023
4ee3f9c90101073c99d5440b41f07daa,30,20151024
4ee3f9c90101073c99d5440b41f07daa,29,20151025
4ee3f9c90101073c99d5440b41f07daa,31,20151026
4ee3f9c90101073c99d5440b41f07daa,29,20151027
4ee3f9c90101073c99d5440b41f07daa,35,20151028
4ee3f9c90101073c99d5440b41f07daa,53,20151029
4ee3f9c90101073c99d5440b41f07daa,27,20151030
4f3f68292e50f39cd8142733512c07d6,571,20150901
4f3f68292e50f39cd8142733512c07d6,571,20150902
4f3f68292e50f39cd8142733512c07d6,571,20150903
4f3f68292e50f39cd8142733512c07d6,571,20150904
4f3f68292e50f39cd8142733512c07d6,571,20150905
4f3f68292e50f39cd8142733512c07d6,571,20150906
4f3f68292e50f39cd8142733512c07d6,571,20150907
4f3f68292e50f39cd8142733512c07d6,571,20150908
4f3f68292e50f39cd8142733512c07d6,571,20150909
4f3f68292e50f39cd8142733512c07d6,571,20150910
4f3f68292e50f39cd8142733512c07d6,571,20150911
4f3f68292e50f39cd8142733512c07d6,571,20150912
4f3f68292e50f39cd8142733512c07d6,571,20150913
4f3f68292e50f39cd8142733512c07d6,571,20150914
4f3f68292e50f39cd8142733512c07d6,571,20150915
4f3f68292e50f39cd8142733512c07d6,571,20150916
4f3f68292e50f39cd8142733512c07d6,571,20150917
4f3f68292e50f39cd8142733512c07d6,571,20150918
4f3f68292e50f39cd8142733512c07d6,571,20150919
4f3f68292e50f39cd8142733512c07d6,571,20150920
4f3f68292e50f39cd8142733512c07d6,571,20150921
4f3f68292e50f39cd8142733512c07d6,571,20150922
4f3f68292e50f39cd8142733512c07d6,571,20150923
4f3f68292e50f39cd8142733512c07d6,571,20150924
4f3f68292e50f39cd8142733512c07d6,571,20150925
4f3f68292e50f39cd8142733512c07d6,571,20150926
4f3f68292e50f39cd8142733512c07d6,571,20150927
4f3f68292e50f39cd8142733512c07d6,571,20150928
4f3f68292e50f39cd8142733512c07d6,571,20150929
4f3f68292e50f39cd8142733512c07d6,571,20150930
4f3f68292e50f39cd8142733512c07d6,571,20151001
4f3f68292e50f39cd8142733512c07d6,571,20151002
4f3f68292e50f39cd8142733512c07d6,571,20151003
4f3f68292e50f39cd8142733512c07d6,571,20151004
4f3f68292e50f39cd8142733512c07d6,571,20151005
4f3f68292e50f39cd8142733512c07d6,571,20151006
4f3f68292e50f39cd8142733512c07d6,571,20151007
4f3f68292e50f39cd8142733512c07d6,571,20151008
4f3f68292e50f39cd8142733512c07d6,571,20151009
4f3f68292e50f39cd8142733512c07d6,571,20151010
4f3f68292e50f39cd8142733512c07d6,571,20151011
4f3f68292e50f39cd8142733512c07d6,571,20151012
4f3f68292e50f39cd8142733512c07d6,571,20151013
4f3f68292e50f39cd8142733512c07d6,571,20151014
4f3f68292e50f39cd8142733512c07d6,571,20151015
4f3f68292e50f39cd8142733512c07d6,571,20151016
4f3f68292e50f39cd8142733512c07d6,571,20151017
4f3f68292e50f39cd8142733512c07d6,571,20151018
4f3f68292e50f39cd8142733512c07d6,571,20151019
4f3f68292e50f39cd8142733512c07d6,571,20151020
4f3f68292e50f39cd8142733512c07d6,571,20151021
4f3f68292e50f39cd8142733512c07d6,571,20151022
4f3f68292e50f39cd8142733512c07d6,571,20151023
4f3f68292e50f39cd8142733512c07d6,571,20151024
4f3f68292e50f39cd8142733512c07d6,571,20151025
4f3f68292e50f39cd8142733512c07d6,571,20151026
4f3f68292e50f39cd8142733512c07d6,571,20151027
4f3f68292e50f39cd8142733512c07d6,571,20151028
4f3f68292e50f39cd8142733512c07d6,571,20151029
4f3f68292e50f39cd8142733512c07d6,571,20151030
53dd7de874e0999634c28cdd94d21257,143,20150901
53dd7de874e0999634c28cdd94d21257,143,20150902
53dd7de874e0999634c28cdd94d21257,144,20150903
53dd7de874e0999634c28cdd94d21257,251,20150904
53dd7de874e0999634c28cdd94d21257,133,20150905
53dd7de874e0999634c28cdd94d21257,130,20150906
53dd7de874e0999634c28cdd94d21257,135,20150907
53dd7de874e0999634c28cdd94d21257,121,20150908
53dd7de874e0999634c28cdd94d21257,186,20150909
53dd7de874e0999634c28cdd94d21257,172,20150910
53dd7de874e0999634c28cdd94d21257,115,20150911
53dd7de874e0999634c28cdd94d21257,187,20150912
53dd7de874e0999634c28cdd94d21257,156,20150913
53dd7de874e0999634c28cdd94d21257,122,20150914
53dd7de874e0999634c28cdd94d21257,146,20150915
53dd7de874e0999634c28cdd94d21257,161,20150916
53dd7de874e0999634c28cdd94d21257,132,20150917
53dd7de874e0999634c28cdd94d21257,114,20150918
53dd7de874e0999634c28cdd94d21257,156,20150919
53dd7de874e0999634c28cdd94d21257,157,20150920
53dd7de874e0999634c28cdd94d21257,136,20150921
53dd7de874e0999634c28cdd94d21257,113,20150922
53dd7de874e0999634c28cdd94d21257,146,20150923
53dd7de874e0999634c28cdd94d21257,126,20150924
53dd7de874e0999634c28cdd94d21257,134,20150925
53dd7de874e0999634c28cdd94d21257,101,20150926
53dd7de874e0999634c28cdd94d21257,140,20150927
53dd7de874e0999634c28cdd94d21257,146,20150928
53dd7de874e0999634c28cdd94d21257,143,20150929
53dd7de874e0999634c28cdd94d21257,129,20150930
53dd7de874e0999634c28cdd94d21257,121,20151001
53dd7de874e0999634c28cdd94d21257,129,20151002
53dd7de874e0999634c28cdd94d21257,122,20151003
53dd7de874e0999634c28cdd94d21257,134,20151004
53dd7de874e0999634c28cdd94d21257,115,20151005
53dd7de874e0999634c28cdd94d21257,112,20151006
53dd7de874e0999634c28cdd94d21257,123,20151007
53dd7de874e0999634c28cdd94d21257,109,20151008
53dd7de874e0999634c28cdd94d21257,143,20151009
53dd7de874e0999634c28cdd94d21257,153,20151010
53dd7de874e0999634c28cdd94d21257,118,20151011
53dd7de874e0999634c28cdd94d21257,140,20151012
53dd7de874e0999634c28cdd94d21257,174,20151013
53dd7de874e0999634c28cdd94d21257,134,20151014
53dd7de874e0999634c28cdd94d21257,127,20151015
53dd7de874e0999634c28cdd94d21257,139,20151016
53dd7de874e0999634c28cdd94d21257,126,20151017
53dd7de874e0999634c28cdd94d21257,252,20151018
53dd7de874e0999634c28cdd94d21257,147,20151019
53dd7de874e0999634c28cdd94d21257,123,20151020
53dd7de874e0999634c28cdd94d21257,142,20151021
53dd7de874e0999634c28cdd94d21257,132,20151022
53dd7de874e0999634c28cdd94d21257,183,20151023
53dd7de874e0999634c28cdd94d21257,95,20151024
53dd7de874e0999634c28cdd94d21257,114,20151025
53dd7de874e0999634c28cdd94d21257,122,20151026
53dd7de874e0999634c28cdd94d21257,95,20151027
53dd7de874e0999634c28cdd94d21257,139,20151028
53dd7de874e0999634c28cdd94d21257,159,20151029
53dd7de874e0999634c28cdd94d21257,133,20151030
6bb4c3bbdb6f5a96d643320c6b6005f5,681,20150901
6bb4c3bbdb6f5a96d643320c6b6005f5,681,20150902
6bb4c3bbdb6f5a96d643320c6b6005f5,681,20150903
6bb4c3bbdb6f5a96d643320c6b6005f5,681,20150904
6bb4c3bbdb6f5a96d643320c6b6005f5,681,20150905
6bb4c3bbdb6f5a96d643320c6b6005f5,681,20150906
6bb4c3bbdb6f5a96d643320c6b6005f5,681,20150907
6bb4c3bbdb6f5a96d643320c6b6005f5,681,20150908
6bb4c3bbdb6f5a96d643320c6b6005f5,681,20150909
6bb4c3bbdb6f5a96d643320c6b6005f5,681,20150910
6bb4c3bbdb6f5a96d643320c6b6005f5,681,20150911
6bb4c3bbdb6f5a96d643320c6b6005f5,681,20150912
6bb4c3bbdb6f5a96d643320c6b6005f5,681,20150913
6bb4c3bbdb6f5a96d643320c6b6005f5,681,20150914
6bb4c3bbdb6f5a96d643320c6b6005f5,681,20150915
6bb4c3bbdb6f5a96d643320c6b6005f5,681,20150916
6bb4c3bbdb6f5a96d643320c6b6005f5,681,20150917
6bb4c3bbdb6f5a96d643320c6b6005f5,681,20150918
6bb4c3bbdb6f5a96d643320c6b6005f5,681,20150919
6bb4c3bbdb6f5a96d643320c6b6005f5,681,20150920
6bb4c3bbdb6f5a96d643320c6b6005f5,681,20150921
6bb4c3bbdb6f5a96d643320c6b6005f5,681,20150922
6bb4c3bbdb6f5a96d643320c6b6005f5,681,20150923
6bb4c3bbdb6f5a96d643320c6b6005f5,681,20150924
6bb4c3bbdb6f5a96d643320c6b6005f5,681,20150925
6bb4c3bbdb6f5a96d643320c6b6005f5,681,20150926
6bb4c3bbdb6f5a96d643320c6b6005f5,681,20150927
6bb4c3bbdb6f5a96d643320c6b6005f5,681,20150928
6bb4c3bbdb6f5a96d643320c6b6005f5,681,20150929
6bb4c3bbdb6f5a96d643320c6b6005f5,681,20150930
6bb4c3bbdb6f5a96d643320c6b6005f5,681,20151001
6bb4c3bbdb6f5a96d643320c6b6005f5,681,20151002
6bb4c3bbdb6f5a96d643320c6b6005f5,681,20151003
6bb4c3bbdb6f5a96d643320c6b6005f5,681,20151004
6bb4c3bbdb6f5a96d643320c6b6005f5,681,20151005
6bb4c3bbdb6f5a96d643320c6b6005f5,681,20151006
6bb4c3bbdb6f5a96d643320c6b6005f5,681,20151007
6bb4c3bbdb6f5a96d643320c6b6005f5,681,20151008
6bb4c3bbdb6f5a96d643320c6b6005f5,681,20151009
6bb4c3bbdb6f5a96d643320c6b6005f5,681,20151010
6bb4c3bbdb6f5a96d643320c6b6005f5,681,20151011
6bb4c3bbdb6f5a96d643320c6b6005f5,681,20151012
6bb4c3bbdb6f5a96d643320c6b6005f5,681,20151013
6bb4c3bbdb6f5a96d643320c6b6005f5,681,20151014
6bb4c3bbdb6f5a96d643320c6b6005f5,681,20151015
6bb4c3bbdb6f5a96d643320c6b6005f5,681,20151016
6bb4c3bbdb6f5a96d643320c6b6005f5,681,20151017
6bb4c3bbdb6f5a96d643320c6b6005f5,681,20151018
6bb4c3bbdb6f5a96d643320c6b6005f5,681,20151019
6bb4c3bbdb6f5a96d643320c6b6005f5,681,20151020
6bb4c3bbdb6f5a96d643320c6b6005f5,681,20151021
6bb4c3bbdb6f5a96d643320c6b6005f5,681,20151022
6bb4c3bbdb6f5a96d643320c6b6005f5,681,20151023
6bb4c3bbdb6f5a96d643320c6b6005f5,681,20151024
6bb4c3bbdb6f5a96d643320c6b6005f5,681,20151025
6bb4c3bbdb6f5a96d643320c6b6005f5,681,20151026
6bb4c3bbdb6f5a96d643320c6b6005f5,681,20151027
6bb4c3bbdb6f5a96d643320c6b6005f5,681,20151028
6bb4c3bbdb6f5a96d643320c6b6005f5,681,20151029
6bb4c3bbdb6f5a96d643320c6b6005f5,681,20151030
9f69ffd8852196e02cfa19b5cd9bc432,167,20150901
9f69ffd8852196e02cfa19b5cd9bc432,110,20150902
9f69ffd8852196e02cfa19b5cd9bc432,108,20150903
9f69ffd8852196e02cfa19b5cd9bc432,120,20150904
9f69ffd8852196e02cfa19b5cd9bc432,121,20150905
9f69ffd8852196e02cfa19b5cd9bc432,157,20150906
9f69ffd8852196e02cfa19b5cd9bc432,154,20150907
9f69ffd8852196e02cfa19b5cd9bc432,141,20150908
9f69ffd8852196e02cfa19b5cd9bc432,132,20150909
9f69ffd8852196e02cfa19b5cd9bc432,144,20150910
9f69ffd8852196e02cfa19b5cd9bc432,123,20150911
9f69ffd8852196e02cfa19b5cd9bc432,144,20150912
9f69ffd8852196e02cfa19b5cd9bc432,164,20150913
9f69ffd8852196e02cfa19b5cd9bc432,110,20150914
9f69ffd8852196e02cfa19b5cd9bc432,132,20150915
9f69ffd8852196e02cfa19b5cd9bc432,130,20150916
9f69ffd8852196e02cfa19b5cd9bc432,151,20150917
9f69ffd8852196e02cfa19b5cd9bc432,129,20150918
9f69ffd8852196e02cfa19b5cd9bc432,148,20150919
9f69ffd8852196e02cfa19b5cd9bc432,136,20150920
9f69ffd8852196e02cfa19b5cd9bc432,165,20150921
9f69ffd8852196e02cfa19b5cd9bc432,131,20150922
9f69ffd8852196e02cfa19b5cd9bc432,108,20150923
9f69ffd8852196e02cfa19b5cd9bc432,121,20150924
9f69ffd8852196e02cfa19b5cd9bc432,94,20150925
9f69ffd8852196e02cfa19b5cd9bc432,108,20150926
9f69ffd8852196e02cfa19b5cd9bc432,107,20150927
9f69ffd8852196e02cfa19b5cd9bc432,122,20150928
9f69ffd8852196e02cfa19b5cd9bc432,135,20150929
9f69ffd8852196e02cfa19b5cd9bc432,161,20150930
9f69ffd8852196e02cfa19b5cd9bc432,156,20151001
9f69ffd8852196e02cfa19b5cd9bc432,149,20151002
9f69ffd8852196e02cfa19b5cd9bc432,112,20151003
9f69ffd8852196e02cfa19b5cd9bc432,92,20151004
9f69ffd8852196e02cfa19b5cd9bc432,100,20151005
9f69ffd8852196e02cfa19b5cd9bc432,128,20151006
9f69ffd8852196e02cfa19b5cd9bc432,108,20151007
9f69ffd8852196e02cfa19b5cd9bc432,131,20151008
9f69ffd8852196e02cfa19b5cd9bc432,146,20151009
9f69ffd8852196e02cfa19b5cd9bc432,143,20151010
9f69ffd8852196e02cfa19b5cd9bc432,124,20151011
9f69ffd8852196e02cfa19b5cd9bc432,140,20151012
9f69ffd8852196e02cfa19b5cd9bc432,125,20151013
9f69ffd8852196e02cfa19b5cd9bc432,159,20151014
9f69ffd8852196e02cfa19b5cd9bc432,134,20151015
9f69ffd8852196e02cfa19b5cd9bc432,165,20151016
9f69ffd8852196e02cfa19b5cd9bc432,183,20151017
9f69ffd8852196e02cfa19b5cd9bc432,92,20151018
9f69ffd8852196e02cfa19b5cd9bc432,137,20151019
9f69ffd8852196e02cfa19b5cd9bc432,92,20151020
9f69ffd8852196e02cfa19b5cd9bc432,107,20151021
9f69ffd8852196e02cfa19b5cd9bc432,141,20151022
9f69ffd8852196e02cfa19b5cd9bc432,170,20151023
9f69ffd8852196e02cfa19b5cd9bc432,112,20151024
9f69ffd8852196e02cfa19b5cd9bc432,143,20151025
9f69ffd8852196e02cfa19b5cd9bc432,130,20151026
9f69ffd8852196e02cfa19b5cd9bc432,128,20151027
9f69ffd8852196e02cfa19b5cd9bc432,118,20151028
9f69ffd8852196e02cfa19b5cd9bc432,122,20151029
9f69ffd8852196e02cfa19b5cd9bc432,136,20151030
ca6db6d4f02b7b946c57fc389e67dd7e,299,20150901
ca6db6d4f02b7b946c57fc389e67dd7e,299,20150902
ca6db6d4f02b7b946c57fc389e67dd7e,299,20150903
ca6db6d4f02b7b946c57fc389e67dd7e,299,20150904
ca6db6d4f02b7b946c57fc389e67dd7e,299,20150905
ca6db6d4f02b7b946c57fc389e67dd7e,299,20150906
ca6db6d4f02b7b946c57fc389e67dd7e,299,20150907
ca6db6d4f02b7b946c57fc389e67dd7e,299,20150908
ca6db6d4f02b7b946c57fc389e67dd7e,299,20150909
ca6db6d4f02b7b946c57fc389e67dd7e,299,20150910
ca6db6d4f02b7b946c57fc389e67dd7e,299,20150911
ca6db6d4f02b7b946c57fc389e67dd7e,299,20150912
ca6db6d4f02b7b946c57fc389e67dd7e,299,20150913
ca6db6d4f02b7b946c57fc389e67dd7e,299,20150914
ca6db6d4f02b7b946c57fc389e67dd7e,299,20150915
ca6db6d4f02b7b946c57fc389e67dd7e,299,20150916
ca6db6d4f02b7b946c57fc389e67dd7e,299,20150917
ca6db6d4f02b7b946c57fc389e67dd7e,299,20150918
ca6db6d4f02b7b946c57fc389e67dd7e,299,20150919
ca6db6d4f02b7b946c57fc389e67dd7e,299,20150920
ca6db6d4f02b7b946c57fc389e67dd7e,299,20150921
ca6db6d4f02b7b946c57fc389e67dd7e,299,20150922
ca6db6d4f02b7b946c57fc389e67dd7e,299,20150923
ca6db6d4f02b7b946c57fc389e67dd7e,299,20150924
ca6db6d4f02b7b946c57fc389e67dd7e,299,20150925
ca6db6d4f02b7b946c57fc389e67dd7e,299,20150926
ca6db6d4f02b7b946c57fc389e67dd7e,299,20150927
ca6db6d4f02b7b946c57fc389e67dd7e,299,20150928
ca6db6d4f02b7b946c57fc389e67dd7e,299,20150929
ca6db6d4f02b7b946c57fc389e67dd7e,299,20150930
ca6db6d4f02b7b946c57fc389e67dd7e,299,20151001
ca6db6d4f02b7b946c57fc389e67dd7e,299,20151002
ca6db6d4f02b7b946c57fc389e67dd7e,299,20151003
ca6db6d4f02b7b946c57fc389e67dd7e,299,20151004
ca6db6d4f02b7b946c57fc389e67dd7e,299,20151005
ca6db6d4f02b7b946c57fc389e67dd7e,299,20151006
ca6db6d4f02b7b946c57fc389e67dd7e,299,20151007
ca6db6d4f02b7b946c57fc389e67dd7e,299,20151008
ca6db6d4f02b7b946c57fc389e67dd7e,299,20151009
ca6db6d4f02b7b946c57fc389e67dd7e,299,20151010
ca6db6d4f02b7b946c57fc389e67dd7e,299,20151011
ca6db6d4f02b7b946c57fc389e67dd7e,299,20151012
ca6db6d4f02b7b946c57fc389e67dd7e,299,20151013
ca6db6d4f02b7b946c57fc389e67dd7e,299,20151014
ca6db6d4f02b7b946c57fc389e67dd7e,299,20151015
ca6db6d4f02b7b946c57fc389e67dd7e,299,20151016
ca6db6d4f02b7b946c57fc389e67dd7e,299,20151017
ca6db6d4f02b7b946c57fc389e67dd7e,299,20151018
ca6db6d4f02b7b946c57fc389e67dd7e,299,20151019
ca6db6d4f02b7b946c57fc389e67dd7e,299,20151020
ca6db6d4f02b7b946c57fc389e67dd7e,299,20151021
ca6db6d4f02b7b946c57fc389e67dd7e,299,20151022
ca6db6d4f02b7b946c57fc389e67dd7e,299,20151023
ca6db6d4f02b7b946c57fc389e67dd7e,299,20151024
ca6db6d4f02b7b946c57fc389e67dd7e,299,20151025
ca6db6d4f02b7b946c57fc389e67dd7e,299,20151026
ca6db6d4f02b7b946c57fc389e67dd7e,299,20151027
ca6db6d4f02b7b946c57fc389e67dd7e,299,20151028
ca6db6d4f02b7b946c57fc389e67dd7e,299,20151029
ca6db6d4f02b7b946c57fc389e67dd7e,299,20151030
d773376e46311393cd89994bf9a93043,955,20150901
d773376e46311393cd89994bf9a93043,955,20150902
d773376e46311393cd89994bf9a93043,955,20150903
d773376e46311393cd89994bf9a93043,955,20150904
d773376e46311393cd89994bf9a93043,955,20150905
d773376e46311393cd89994bf9a93043,955,20150906
d773376e46311393cd89994bf9a93043,955,20150907
d773376e46311393cd89994bf9a93043,955,20150908
d773376e46311393cd89994bf9a93043,955,20150909
d773376e46311393cd89994bf9a93043,955,20150910
d773376e46311393cd89994bf9a93043,955,20150911
d773376e46311393cd89994bf9a93043,955,20150912
d773376e46311393cd89994bf9a93043,955,20150913
d773376e46311393cd89994bf9a93043,955,20150914
d773376e46311393cd89994bf9a93043,955,20150915
d773376e46311393cd89994bf9a93043,955,20150916
d773376e46311393cd89994bf9a93043,955,20150917
d773376e46311393cd89994bf9a93043,955,20150918
d773376e46311393cd89994bf9a93043,955,20150919
d773376e46311393cd89994bf9a93043,955,20150920
d773376e46311393cd89994bf9a93043,955,20150921
d773376e46311393cd89994bf9a93043,955,20150922
d773376e46311393cd89994bf9a93043,955,20150923
d773376e46311393cd89994bf9a93043,955,20150924
d773376e46311393cd89994bf9a93043,955,20150925
d773376e46311393cd89994bf9a93043,955,20150926
d773376e46311393cd89994bf9a93043,955,20150927
d773376e46311393cd89994bf9a93043,955,20150928
d773376e46311393cd89994bf9a93043,955,20150929
d773376e46311393cd89994bf9a93043,955,20150930
d773376e46311393cd89994bf9a93043,955,20151001
d773376e46311393cd89994bf9a93043,955,20151002
d773376e46311393cd89994bf9a93043,955,20151003
d773376e46311393cd89994bf9a93043,955,20151004
d773376e46311393cd89994bf9a93043,955,20151005
d773376e46311393cd89994bf9a93043,955,20151006
d773376e46311393cd89994bf9a93043,955,20151007
d773376e46311393cd89994bf9a93043,955,20151008
d773376e46311393cd89994bf9a93043,955,20151009
d773376e46311393cd89994bf9a93043,955,20151010
d773376e46311393cd89994bf9a93043,955,20151011
d773376e46311393cd89994bf9a93043,955,20151012
d773376e46311393cd89994bf9a93043,955,20151013
d773376e46311393cd89994bf9a93043,955,20151014
d773376e46311393cd89994bf9a93043,955,20151015
d773376e46311393cd89994bf9a93043,955,20151016
d773376e46311393cd89994bf9a93043,955,20151017
d773376e46311393cd89994bf9a93043,955,20151018
d773376e46311393cd89994bf9a93043,955,20151019
d773376e46311393cd89994bf9a93043,955,20151020
d773376e46311393cd89994bf9a93043,955,20151021
d773376e46311393cd89994bf9a93043,955,20151022
d773376e46311393cd89994bf9a93043,955,20151023
d773376e46311393cd89994bf9a93043,955,20151024
d773376e46311393cd89994bf9a93043,955,20151025
d773376e46311393cd89994bf9a93043,955,20151026
d773376e46311393cd89994bf9a93043,955,20151027
d773376e46311393cd89994bf9a93043,955,20151028
d773376e46311393cd89994bf9a93043,955,20151029
d773376e46311393cd89994bf9a93043,955,20151030
ffd47cf9cb66d226575336f0fa42ae25,99,20150901
ffd47cf9cb66d226575336f0fa42ae25,54,20150902
ffd47cf9cb66d226575336f0fa42ae25,128,20150903
ffd47cf9cb66d226575336f0fa42ae25,109,20150904
ffd47cf9cb66d226575336f0fa42ae25,116,20150905
ffd47cf9cb66d226575336f0fa42ae25,109,20150906
ffd47cf9cb66d226575336f0fa42ae25,136,20150907
ffd47cf9cb66d226575336f0fa42ae25,117,20150908
ffd47cf9cb66d226575336f0fa42ae25,128,20150909
ffd47cf9cb66d226575336f0fa42ae25,100,20150910
ffd47cf9cb66d226575336f0fa42ae25,90,20150911
ffd47cf9cb66d226575336f0fa42ae25,99,20150912
ffd47cf9cb66d226575336f0fa42ae25,177,20150913
ffd47cf9cb66d226575336f0fa42ae25,148,20150914
ffd47cf9cb66d226575336f0fa42ae25,173,20150915
ffd47cf9cb66d226575336f0fa42ae25,245,20150916
ffd47cf9cb66d226575336f0fa42ae25,141,20150917
ffd47cf9cb66d226575336f0fa42ae25,92,20150918
ffd47cf9cb66d226575336f0fa42ae25,153,20150919
ffd47cf9cb66d226575336f0fa42ae25,139,20150920
ffd47cf9cb66d226575336f0fa42ae25,167,20150921
ffd47cf9cb66d226575336f0fa42ae25,122,20150922
ffd47cf9cb66d226575336f0fa42ae25,145,20150923
ffd47cf9cb66d226575336f0fa42ae25,119,20150924
ffd47cf9cb66d226575336f0fa42ae25,145,20150925
ffd47cf9cb66d226575336f0fa42ae25,132,20150926
ffd47cf9cb66d226575336f0fa42ae25,105,20150927
ffd47cf9cb66d226575336f0fa42ae25,129,20150928
ffd47cf9cb66d226575336f0fa42ae25,61,20150929
ffd47cf9cb66d226575336f0fa42ae25,86,20150930
ffd47cf9cb66d226575336f0fa42ae25,99,20151001
ffd47cf9cb66d226575336f0fa42ae25,100,20151002
ffd47cf9cb66d226575336f0fa42ae25,76,20151003
ffd47cf9cb66d226575336f0fa42ae25,67,20151004
ffd47cf9cb66d226575336f0fa42ae25,69,20151005
ffd47cf9cb66d226575336f0fa42ae25,73,20151006
ffd47cf9cb66d226575336f0fa42ae25,93,20151007
ffd47cf9cb66d226575336f0fa42ae25,53,20151008
ffd47cf9cb66d226575336f0fa42ae25,103,20151009
ffd47cf9cb66d226575336f0fa42ae25,168,20151010
ffd47cf9cb66d226575336f0fa42ae25,88,20151011
ffd47cf9cb66d226575336f0fa42ae25,116,20151012
ffd47cf9cb66d226575336f0fa42ae25,45,20151013
ffd47cf9cb66d226575336f0fa42ae25,131,20151014
ffd47cf9cb66d226575336f0fa42ae25,77,20151015
ffd47cf9cb66d226575336f0fa42ae25,67,20151016
ffd47cf9cb66d226575336f0fa42ae25,82,20151017
ffd47cf9cb66d226575336f0fa42ae25,87,20151018
ffd47cf9cb66d226575336f0fa42ae25,86,20151019
ffd47cf9cb66d226575336f0fa42ae25,83,20151020
ffd47cf9cb66d226575336f0fa42ae25,96,20151021
ffd47cf9cb66d226575336f0fa42ae25,130,20151022
ffd47cf9cb66d226575336f0fa42ae25,99,20151023
ffd47cf9cb66d226575336f0fa42ae25,90,20151024
ffd47cf9cb66d226575336f0fa42ae25,87,20151025
ffd47cf9cb66d226575336f0fa42ae25,102,20151026
ffd47cf9cb66d226575336f0fa42ae25,64,20151027
ffd47cf9cb66d226575336f0fa42ae25,60,20151028
ffd47cf9cb66d226575336f0fa42ae25,106,20151029
ffd47cf9cb66d226575336f0fa42ae25,120,20151030
023406156015ef87f99521f3b343f71f,649,20150901
023406156015ef87f99521f3b343f71f,649,20150902
023406156015ef87f99521f3b343f71f,649,20150903
023406156015ef87f99521f3b343f71f,649,20150904
023406156015ef87f99521f3b343f71f,649,20150905
023406156015ef87f99521f3b343f71f,649,20150906
023406156015ef87f99521f3b343f71f,649,20150907
023406156015ef87f99521f3b343f71f,649,20150908
023406156015ef87f99521f3b343f71f,649,20150909
023406156015ef87f99521f3b343f71f,649,20150910
023406156015ef87f99521f3b343f71f,649,20150911
023406156015ef87f99521f3b343f71f,649,20150912
023406156015ef87f99521f3b343f71f,649,20150913
023406156015ef87f99521f3b343f71f,649,20150914
023406156015ef87f99521f3b343f71f,649,20150915
023406156015ef87f99521f3b343f71f,649,20150916
023406156015ef87f99521f3b343f71f,649,20150917
023406156015ef87f99521f3b343f71f,649,20150918
023406156015ef87f99521f3b343f71f,649,20150919
023406156015ef87f99521f3b343f71f,649,20150920
023406156015ef87f99521f3b343f71f,649,20150921
023406156015ef87f99521f3b343f71f,649,20150922
023406156015ef87f99521f3b343f71f,649,20150923
023406156015ef87f99521f3b343f71f,649,20150924
023406156015ef87f99521f3b343f71f,649,20150925
023406156015ef87f99521f3b343f71f,649,20150926
023406156015ef87f99521f3b343f71f,649,20150927
023406156015ef87f99521f3b343f71f,649,20150928
023406156015ef87f99521f3b343f71f,649,20150929
023406156015ef87f99521f3b343f71f,649,20150930
023406156015ef87f99521f3b343f71f,649,20151001
023406156015ef87f99521f3b343f71f,649,20151002
023406156015ef87f99521f3b343f71f,649,20151003
023406156015ef87f99521f3b343f71f,649,20151004
023406156015ef87f99521f3b343f71f,649,20151005
023406156015ef87f99521f3b343f71f,649,20151006
023406156015ef87f99521f3b343f71f,649,20151007
023406156015ef87f99521f3b343f71f,649,20151008
023406156015ef87f99521f3b343f71f,649,20151009
023406156015ef87f99521f3b343f71f,649,20151010
023406156015ef87f99521f3b343f71f,649,20151011
023406156015ef87f99521f3b343f71f,649,20151012
023406156015ef87f99521f3b343f71f,649,20151013
023406156015ef87f99521f3b343f71f,649,20151014
023406156015ef87f99521f3b343f71f,649,20151015
023406156015ef87f99521f3b343f71f,649,20151016
023406156015ef87f99521f3b343f71f,649,20151017
023406156015ef87f99521f3b343f71f,649,20151018
023406156015ef87f99521f3b343f71f,649,20151019
023406156015ef87f99521f3b343f71f,649,20151020
023406156015ef87f99521f3b343f71f,649,20151021
023406156015ef87f99521f3b343f71f,649,20151022
023406156015ef87f99521f3b343f71f,649,20151023
023406156015ef87f99521f3b343f71f,649,20151024
023406156015ef87f99521f3b343f71f,649,20151025
023406156015ef87f99521f3b343f71f,649,20151026
023406156015ef87f99521f3b343f71f,649,20151027
023406156015ef87f99521f3b343f71f,649,20151028
023406156015ef87f99521f3b343f71f,649,20151029
023406156015ef87f99521f3b343f71f,649,20151030
025943df23acf5d3863b35fa6e0d79ec,83,20150901
025943df23acf5d3863b35fa6e0d79ec,83,20150902
025943df23acf5d3863b35fa6e0d79ec,83,20150903
025943df23acf5d3863b35fa6e0d79ec,83,20150904
025943df23acf5d3863b35fa6e0d79ec,83,20150905
025943df23acf5d3863b35fa6e0d79ec,83,20150906
025943df23acf5d3863b35fa6e0d79ec,83,20150907
025943df23acf5d3863b35fa6e0d79ec,83,20150908
025943df23acf5d3863b35fa6e0d79ec,83,20150909
025943df23acf5d3863b35fa6e0d79ec,83,20150910
025943df23acf5d3863b35fa6e0d79ec,83,20150911
025943df23acf5d3863b35fa6e0d79ec,83,20150912
025943df23acf5d3863b35fa6e0d79ec,83,20150913
025943df23acf5d3863b35fa6e0d79ec,83,20150914
025943df23acf5d3863b35fa6e0d79ec,83,20150915
025943df23acf5d3863b35fa6e0d79ec,83,20150916
025943df23acf5d3863b35fa6e0d79ec,83,20150917
025943df23acf5d3863b35fa6e0d79ec,83,20150918
025943df23acf5d3863b35fa6e0d79ec,83,20150919
025943df23acf5d3863b35fa6e0d79ec,83,20150920
025943df23acf5d3863b35fa6e0d79ec,83,20150921
025943df23acf5d3863b35fa6e0d79ec,83,20150922
025943df23acf5d3863b35fa6e0d79ec,83,20150923
025943df23acf5d3863b35fa6e0d79ec,83,20150924
025943df23acf5d3863b35fa6e0d79ec,83,20150925
025943df23acf5d3863b35fa6e0d79ec,83,20150926
025943df23acf5d3863b35fa6e0d79ec,83,20150927
025943df23acf5d3863b35fa6e0d79ec,83,20150928
025943df23acf5d3863b35fa6e0d79ec,83,20150929
025943df23acf5d3863b35fa6e0d79ec,83,20150930
025943df23acf5d3863b35fa6e0d79ec,83,20151001
025943df23acf5d3863b35fa6e0d79ec,83,20151002
025943df23acf5d3863b35fa6e0d79ec,83,20151003
025943df23acf5d3863b35fa6e0d79ec,83,20151004
025943df23acf5d3863b35fa6e0d79ec,83,20151005
025943df23acf5d3863b35fa6e0d79ec,83,20151006
025943df23acf5d3863b35fa6e0d79ec,83,20151007
025943df23acf5d3863b35fa6e0d79ec,83,20151008
025943df23acf5d3863b35fa6e0d79ec,83,20151009
025943df23acf5d3863b35fa6e0d79ec,83,20151010
025943df23acf5d3863b35fa6e0d79ec,83,20151011
025943df23acf5d3863b35fa6e0d79ec,83,20151012
025943df23acf5d3863b35fa6e0d79ec,83,20151013
025943df23acf5d3863b35fa6e0d79ec,83,20151014
025943df23acf5d3863b35fa6e0d79ec,83,20151015
025943df23acf5d3863b35fa6e0d79ec,83,20151016
025943df23acf5d3863b35fa6e0d79ec,83,20151017
025943df23acf5d3863b35fa6e0d79ec,83,20151018
025943df23acf5d3863b35fa6e0d79ec,83,20151019
025943df23acf5d3863b35fa6e0d79ec,83,20151020
025943df23acf5d3863b35fa6e0d79ec,83,20151021
025943df23acf5d3863b35fa6e0d79ec,83,20151022
025943df23acf5d3863b35fa6e0d79ec,83,20151023
025943df23acf5d3863b35fa6e0d79ec,83,20151024
025943df23acf5d3863b35fa6e0d79ec,83,20151025
025943df23acf5d3863b35fa6e0d79ec,83,20151026
025943df23acf5d3863b35fa6e0d79ec,83,20151027
025943df23acf5d3863b35fa6e0d79ec,83,20151028
025943df23acf5d3863b35fa6e0d79ec,83,20151029
025943df23acf5d3863b35fa6e0d79ec,83,20151030
099cd99056bf92e5f0e384465890a804,1187,20150901
099cd99056bf92e5f0e384465890a804,1187,20150902
099cd99056bf92e5f0e384465890a804,1187,20150903
099cd99056bf92e5f0e384465890a804,1187,20150904
099cd99056bf92e5f0e384465890a804,1187,20150905
099cd99056bf92e5f0e384465890a804,1187,20150906
099cd99056bf92e5f0e384465890a804,1187,20150907
099cd99056bf92e5f0e384465890a804,1187,20150908
099cd99056bf92e5f0e384465890a804,1187,20150909
099cd99056bf92e5f0e384465890a804,1187,20150910
099cd99056bf92e5f0e384465890a804,1187,20150911
099cd99056bf92e5f0e384465890a804,1187,20150912
099cd99056bf92e5f0e384465890a804,1187,20150913
099cd99056bf92e5f0e384465890a804,1187,20150914
099cd99056bf92e5f0e384465890a804,1187,20150915
099cd99056bf92e5f0e384465890a804,1187,20150916
099cd99056bf92e5f0e384465890a804,1187,20150917
099cd99056bf92e5f0e384465890a804,1187,20150918
099cd99056bf92e5f0e384465890a804,1187,20150919
099cd99056bf92e5f0e384465890a804,1187,20150920
099cd99056bf92e5f0e384465890a804,1187,20150921
099cd99056bf92e5f0e384465890a804,1187,20150922
099cd99056bf92e5f0e384465890a804,1187,20150923
099cd99056bf92e5f0e384465890a804,1187,20150924
099cd99056bf92e5f0e384465890a804,1187,20150925
099cd99056bf92e5f0e384465890a804,1187,20150926
099cd99056bf92e5f0e384465890a804,1187,20150927
099cd99056bf92e5f0e384465890a804,1187,20150928
099cd99056bf92e5f0e384465890a804,1187,20150929
099cd99056bf92e5f0e384465890a804,1187,20150930
099cd99056bf92e5f0e384465890a804,1187,20151001
099cd99056bf92e5f0e384465890a804,1187,20151002
099cd99056bf92e5f0e384465890a804,1187,20151003
099cd99056bf92e5f0e384465890a804,1187,20151004
099cd99056bf92e5f0e384465890a804,1187,20151005
099cd99056bf92e5f0e384465890a804,1187,20151006
099cd99056bf92e5f0e384465890a804,1187,20151007
099cd99056bf92e5f0e384465890a804,1187,20151008
099cd99056bf92e5f0e384465890a804,1187,20151009
099cd99056bf92e5f0e384465890a804,1187,20151010
099cd99056bf92e5f0e384465890a804,1187,20151011
099cd99056bf92e5f0e384465890a804,1187,20151012
099cd99056bf92e5f0e384465890a804,1187,20151013
099cd99056bf92e5f0e384465890a804,1187,20151014
099cd99056bf92e5f0e384465890a804,1187,20151015
099cd99056bf92e5f0e384465890a804,1187,20151016
099cd99056bf92e5f0e384465890a804,1187,20151017
099cd99056bf92e5f0e384465890a804,1187,20151018
099cd99056bf92e5f0e384465890a804,1187,20151019
099cd99056bf92e5f0e384465890a804,1187,20151020
099cd99056bf92e5f0e384465890a804,1187,20151021
099cd99056bf92e5f0e384465890a804,1187,20151022
099cd99056bf92e5f0e384465890a804,1187,20151023
099cd99056bf92e5f0e384465890a804,1187,20151024
099cd99056bf92e5f0e384465890a804,1187,20151025
099cd99056bf92e5f0e384465890a804,1187,20151026
099cd99056bf92e5f0e384465890a804,1187,20151027
099cd99056bf92e5f0e384465890a804,1187,20151028
099cd99056bf92e5f0e384465890a804,1187,20151029
099cd99056bf92e5f0e384465890a804,1187,20151030
1339f978614ff19cd48f07e5420556d4,91,20150901
1339f978614ff19cd48f07e5420556d4,91,20150902
1339f978614ff19cd48f07e5420556d4,103,20150903
1339f978614ff19cd48f07e5420556d4,72,20150904
1339f978614ff19cd48f07e5420556d4,102,20150905
1339f978614ff19cd48f07e5420556d4,93,20150906
1339f978614ff19cd48f07e5420556d4,69,20150907
1339f978614ff19cd48f07e5420556d4,89,20150908
1339f978614ff19cd48f07e5420556d4,87,20150909
1339f978614ff19cd48f07e5420556d4,134,20150910
1339f978614ff19cd48f07e5420556d4,94,20150911
1339f978614ff19cd48f07e5420556d4,73,20150912
1339f978614ff19cd48f07e5420556d4,100,20150913
1339f978614ff19cd48f07e5420556d4,68,20150914
1339f978614ff19cd48f07e5420556d4,83,20150915
1339f978614ff19cd48f07e5420556d4,105,20150916
1339f978614ff19cd48f07e5420556d4,86,20150917
1339f978614ff19cd48f07e5420556d4,100,20150918
1339f978614ff19cd48f07e5420556d4,106,20150919
1339f978614ff19cd48f07e5420556d4,97,20150920
1339f978614ff19cd48f07e5420556d4,91,20150921
1339f978614ff19cd48f07e5420556d4,76,20150922
1339f978614ff19cd48f07e5420556d4,95,20150923
1339f978614ff19cd48f07e5420556d4,123,20150924
1339f978614ff19cd48f07e5420556d4,74,20150925
1339f978614ff19cd48f07e5420556d4,75,20150926
1339f978614ff19cd48f07e5420556d4,69,20150927
1339f978614ff19cd48f07e5420556d4,74,20150928
1339f978614ff19cd48f07e5420556d4,87,20150929
1339f978614ff19cd48f07e5420556d4,97,20150930
1339f978614ff19cd48f07e5420556d4,64,20151001
1339f978614ff19cd48f07e5420556d4,69,20151002
1339f978614ff19cd48f07e5420556d4,75,20151003
1339f978614ff19cd48f07e5420556d4,54,20151004
1339f978614ff19cd48f07e5420556d4,92,20151005
1339f978614ff19cd48f07e5420556d4,119,20151006
1339f978614ff19cd48f07e5420556d4,113,20151007
1339f978614ff19cd48f07e5420556d4,94,20151008
1339f978614ff19cd48f07e5420556d4,93,20151009
1339f978614ff19cd48f07e5420556d4,68,20151010
1339f978614ff19cd48f07e5420556d4,58,20151011
1339f978614ff19cd48f07e5420556d4,120,20151012
1339f978614ff19cd48f07e5420556d4,76,20151013
1339f978614ff19cd48f07e5420556d4,84,20151014
1339f978614ff19cd48f07e5420556d4,60,20151015
1339f978614ff19cd48f07e5420556d4,59,20151016
1339f978614ff19cd48f07e5420556d4,53,20151017
1339f978614ff19cd48f07e5420556d4,81,20151018
1339f978614ff19cd48f07e5420556d4,87,20151019
1339f978614ff19cd48f07e5420556d4,78,20151020
1339f978614ff19cd48f07e5420556d4,69,20151021
1339f978614ff19cd48f07e5420556d4,63,20151022
1339f978614ff19cd48f07e5420556d4,78,20151023
1339f978614ff19cd48f07e5420556d4,65,20151024
1339f978614ff19cd48f07e5420556d4,78,20151025
1339f978614ff19cd48f07e5420556d4,76,20151026
1339f978614ff19cd48f07e5420556d4,79,20151027
1339f978614ff19cd48f07e5420556d4,101,20151028
1339f978614ff19cd48f07e5420556d4,42,20151029
1339f978614ff19cd48f07e5420556d4,94,20151030
1731019fbaa825714d5f8e61ad1bb7ff,498,20150901
1731019fbaa825714d5f8e61ad1bb7ff,537,20150902
1731019fbaa825714d5f8e61ad1bb7ff,678,20150903
1731019fbaa825714d5f8e61ad1bb7ff,650,20150904
1731019fbaa825714d5f8e61ad1bb7ff,456,20150905
1731019fbaa825714d5f8e61ad1bb7ff,502,20150906
1731019fbaa825714d5f8e61ad1bb7ff,477,20150907
1731019fbaa825714d5f8e61ad1bb7ff,517,20150908
1731019fbaa825714d5f8e61ad1bb7ff,448,20150909
1731019fbaa825714d5f8e61ad1bb7ff,504,20150910
1731019fbaa825714d5f8e61ad1bb7ff,572,20150911
1731019fbaa825714d5f8e61ad1bb7ff,518,20150912
1731019fbaa825714d5f8e61ad1bb7ff,441,20150913
1731019fbaa825714d5f8e61ad1bb7ff,439,20150914
1731019fbaa825714d5f8e61ad1bb7ff,439,20150915
1731019fbaa825714d5f8e61ad1bb7ff,453,20150916
1731019fbaa825714d5f8e61ad1bb7ff,450,20150917
1731019fbaa825714d5f8e61ad1bb7ff,551,20150918
1731019fbaa825714d5f8e61ad1bb7ff,555,20150919
1731019fbaa825714d5f8e61ad1bb7ff,430,20150920
1731019fbaa825714d5f8e61ad1bb7ff,499,20150921
1731019fbaa825714d5f8e61ad1bb7ff,448,20150922
1731019fbaa825714d5f8e61ad1bb7ff,522,20150923
1731019fbaa825714d5f8e61ad1bb7ff,456,20150924
1731019fbaa825714d5f8e61ad1bb7ff,532,20150925
1731019fbaa825714d5f8e61ad1bb7ff,595,20150926
1731019fbaa825714d5f8e61ad1bb7ff,534,20150927
1731019fbaa825714d5f8e61ad1bb7ff,448,20150928
1731019fbaa825714d5f8e61ad1bb7ff,440,20150929
1731019fbaa825714d5f8e61ad1bb7ff,442,20150930
1731019fbaa825714d5f8e61ad1bb7ff,456,20151001
1731019fbaa825714d5f8e61ad1bb7ff,415,20151002
1731019fbaa825714d5f8e61ad1bb7ff,354,20151003
1731019fbaa825714d5f8e61ad1bb7ff,447,20151004
1731019fbaa825714d5f8e61ad1bb7ff,533,20151005
1731019fbaa825714d5f8e61ad1bb7ff,502,20151006
1731019fbaa825714d5f8e61ad1bb7ff,445,20151007
1731019fbaa825714d5f8e61ad1bb7ff,437,20151008
1731019fbaa825714d5f8e61ad1bb7ff,389,20151009
1731019fbaa825714d5f8e61ad1bb7ff,388,20151010
1731019fbaa825714d5f8e61ad1bb7ff,382,20151011
1731019fbaa825714d5f8e61ad1bb7ff,468,20151012
1731019fbaa825714d5f8e61ad1bb7ff,436,20151013
1731019fbaa825714d5f8e61ad1bb7ff,349,20151014
1731019fbaa825714d5f8e61ad1bb7ff,386,20151015
1731019fbaa825714d5f8e61ad1bb7ff,357,20151016
1731019fbaa825714d5f8e61ad1bb7ff,418,20151017
1731019fbaa825714d5f8e61ad1bb7ff,482,20151018
1731019fbaa825714d5f8e61ad1bb7ff,553,20151019
1731019fbaa825714d5f8e61ad1bb7ff,658,20151020
1731019fbaa825714d5f8e61ad1bb7ff,689,20151021
1731019fbaa825714d5f8e61ad1bb7ff,696,20151022
1731019fbaa825714d5f8e61ad1bb7ff,634,20151023
1731019fbaa825714d5f8e61ad1bb7ff,577,20151024
1731019fbaa825714d5f8e61ad1bb7ff,584,20151025
1731019fbaa825714d5f8e61ad1bb7ff,638,20151026
1731019fbaa825714d5f8e61ad1bb7ff,660,20151027
1731019fbaa825714d5f8e61ad1bb7ff,594,20151028
1731019fbaa825714d5f8e61ad1bb7ff,589,20151029
1731019fbaa825714d5f8e61ad1bb7ff,649,20151030
2b7fedeea967becd9408b896de8ff903,4,20150901
2b7fedeea967becd9408b896de8ff903,3,20150902
2b7fedeea967becd9408b896de8ff903,4,20150903
2b7fedeea967becd9408b896de8ff903,8,20150904
2b7fedeea967becd9408b896de8ff903,9,20150905
2b7fedeea967becd9408b896de8ff903,4,20150906
2b7fedeea967becd9408b896de8ff903,6,20150907
2b7fedeea967becd9408b896de8ff903,22,20150908
2b7fedeea967becd9408b896de8ff903,14,20150909
2b7fedeea967becd9408b896de8ff903,33,20150910
2b7fedeea967becd9408b896de8ff903,173,20150911
2b7fedeea967becd9408b896de8ff903,270,20150912
2b7fedeea967becd9408b896de8ff903,124,20150913
2b7fedeea967becd9408b896de8ff903,33,20150914
2b7fedeea967becd9408b896de8ff903,14,20150915
2b7fedeea967becd9408b896de8ff903,3,20150916
2b7fedeea967becd9408b896de8ff903,4,20150917
2b7fedeea967becd9408b896de8ff903,19,20150918
2b7fedeea967becd9408b896de8ff903,7,20150919
2b7fedeea967becd9408b896de8ff903,14,20150920
2b7fedeea967becd9408b896de8ff903,6,20150921
2b7fedeea967becd9408b896de8ff903,10,20150922
2b7fedeea967becd9408b896de8ff903,9,20150923
2b7fedeea967becd9408b896de8ff903,6,20150924
2b7fedeea967becd9408b896de8ff903,8,20150925
2b7fedeea967becd9408b896de8ff903,22,20150926
2b7fedeea967becd9408b896de8ff903,2,20150927
2b7fedeea967becd9408b896de8ff903,24,20150928
2b7fedeea967becd9408b896de8ff903,11,20150929
2b7fedeea967becd9408b896de8ff903,11,20150930
2b7fedeea967becd9408b896de8ff903,4,20151001
2b7fedeea967becd9408b896de8ff903,19,20151002
2b7fedeea967becd9408b896de8ff903,5,20151003
2b7fedeea967becd9408b896de8ff903,11,20151004
2b7fedeea967becd9408b896de8ff903,6,20151005
2b7fedeea967becd9408b896de8ff903,14,20151006
2b7fedeea967becd9408b896de8ff903,8,20151007
2b7fedeea967becd9408b896de8ff903,7,20151008
2b7fedeea967becd9408b896de8ff903,9,20151009
2b7fedeea967becd9408b896de8ff903,8,20151010
2b7fedeea967becd9408b896de8ff903,5,20151011
2b7fedeea967becd9408b896de8ff903,11,20151012
2b7fedeea967becd9408b896de8ff903,9,20151013
2b7fedeea967becd9408b896de8ff903,10,20151014
2b7fedeea967becd9408b896de8ff903,15,20151015
2b7fedeea967becd9408b896de8ff903,21,20151016
2b7fedeea967becd9408b896de8ff903,15,20151017
2b7fedeea967becd9408b896de8ff903,10,20151018
2b7fedeea967becd9408b896de8ff903,7,20151019
2b7fedeea967becd9408b896de8ff903,9,20151020
2b7fedeea967becd9408b896de8ff903,12,20151021
2b7fedeea967becd9408b896de8ff903,7,20151022
2b7fedeea967becd9408b896de8ff903,8,20151023
2b7fedeea967becd9408b896de8ff903,9,20151024
2b7fedeea967becd9408b896de8ff903,8,20151025
2b7fedeea967becd9408b896de8ff903,1,20151026
2b7fedeea967becd9408b896de8ff903,31,20151027
2b7fedeea967becd9408b896de8ff903,4,20151028
2b7fedeea967becd9408b896de8ff903,12,20151029
2b7fedeea967becd9408b896de8ff903,15,20151030
33fd0a2cfcfd24e114707bba71ca1de9,207,20150901
33fd0a2cfcfd24e114707bba71ca1de9,173,20150902
33fd0a2cfcfd24e114707bba71ca1de9,192,20150903
33fd0a2cfcfd24e114707bba71ca1de9,190,20150904
33fd0a2cfcfd24e114707bba71ca1de9,165,20150905
33fd0a2cfcfd24e114707bba71ca1de9,158,20150906
33fd0a2cfcfd24e114707bba71ca1de9,189,20150907
33fd0a2cfcfd24e114707bba71ca1de9,170,20150908
33fd0a2cfcfd24e114707bba71ca1de9,164,20150909
33fd0a2cfcfd24e114707bba71ca1de9,230,20150910
33fd0a2cfcfd24e114707bba71ca1de9,232,20150911
33fd0a2cfcfd24e114707bba71ca1de9,216,20150912
33fd0a2cfcfd24e114707bba71ca1de9,210,20150913
33fd0a2cfcfd24e114707bba71ca1de9,270,20150914
33fd0a2cfcfd24e114707bba71ca1de9,176,20150915
33fd0a2cfcfd24e114707bba71ca1de9,199,20150916
33fd0a2cfcfd24e114707bba71ca1de9,249,20150917
33fd0a2cfcfd24e114707bba71ca1de9,165,20150918
33fd0a2cfcfd24e114707bba71ca1de9,202,20150919
33fd0a2cfcfd24e114707bba71ca1de9,261,20150920
33fd0a2cfcfd24e114707bba71ca1de9,146,20150921
33fd0a2cfcfd24e114707bba71ca1de9,164,20150922
33fd0a2cfcfd24e114707bba71ca1de9,154,20150923
33fd0a2cfcfd24e114707bba71ca1de9,216,20150924
33fd0a2cfcfd24e114707bba71ca1de9,220,20150925
33fd0a2cfcfd24e114707bba71ca1de9,184,20150926
33fd0a2cfcfd24e114707bba71ca1de9,190,20150927
33fd0a2cfcfd24e114707bba71ca1de9,135,20150928
33fd0a2cfcfd24e114707bba71ca1de9,136,20150929
33fd0a2cfcfd24e114707bba71ca1de9,152,20150930
33fd0a2cfcfd24e114707bba71ca1de9,158,20151001
33fd0a2cfcfd24e114707bba71ca1de9,117,20151002
33fd0a2cfcfd24e114707bba71ca1de9,129,20151003
33fd0a2cfcfd24e114707bba71ca1de9,167,20151004
33fd0a2cfcfd24e114707bba71ca1de9,127,20151005
33fd0a2cfcfd24e114707bba71ca1de9,180,20151006
33fd0a2cfcfd24e114707bba71ca1de9,134,20151007
33fd0a2cfcfd24e114707bba71ca1de9,156,20151008
33fd0a2cfcfd24e114707bba71ca1de9,205,20151009
33fd0a2cfcfd24e114707bba71ca1de9,180,20151010
33fd0a2cfcfd24e114707bba71ca1de9,174,20151011
33fd0a2cfcfd24e114707bba71ca1de9,157,20151012
33fd0a2cfcfd24e114707bba71ca1de9,193,20151013
33fd0a2cfcfd24e114707bba71ca1de9,181,20151014
33fd0a2cfcfd24e114707bba71ca1de9,193,20151015
33fd0a2cfcfd24e114707bba71ca1de9,187,20151016
33fd0a2cfcfd24e114707bba71ca1de9,262,20151017
33fd0a2cfcfd24e114707bba71ca1de9,166,20151018
33fd0a2cfcfd24e114707bba71ca1de9,206,20151019
33fd0a2cfcfd24e114707bba71ca1de9,162,20151020
33fd0a2cfcfd24e114707bba71ca1de9,150,20151021
33fd0a2cfcfd24e114707bba71ca1de9,142,20151022
33fd0a2cfcfd24e114707bba71ca1de9,210,20151023
33fd0a2cfcfd24e114707bba71ca1de9,175,20151024
33fd0a2cfcfd24e114707bba71ca1de9,209,20151025
33fd0a2cfcfd24e114707bba71ca1de9,209,20151026
33fd0a2cfcfd24e114707bba71ca1de9,275,20151027
33fd0a2cfcfd24e114707bba71ca1de9,201,20151028
33fd0a2cfcfd24e114707bba71ca1de9,222,20151029
33fd0a2cfcfd24e114707bba71ca1de9,180,20151030
34bc4bc49a725f2686a5cf9c89985798,231,20150901
34bc4bc49a725f2686a5cf9c89985798,177,20150902
34bc4bc49a725f2686a5cf9c89985798,252,20150903
34bc4bc49a725f2686a5cf9c89985798,183,20150904
34bc4bc49a725f2686a5cf9c89985798,255,20150905
34bc4bc49a725f2686a5cf9c89985798,115,20150906
34bc4bc49a725f2686a5cf9c89985798,267,20150907
34bc4bc49a725f2686a5cf9c89985798,144,20150908
34bc4bc49a725f2686a5cf9c89985798,267,20150909
34bc4bc49a725f2686a5cf9c89985798,146,20150910
34bc4bc49a725f2686a5cf9c89985798,267,20150911
34bc4bc49a725f2686a5cf9c89985798,131,20150912
34bc4bc49a725f2686a5cf9c89985798,267,20150913
34bc4bc49a725f2686a5cf9c89985798,145,20150914
34bc4bc49a725f2686a5cf9c89985798,267,20150915
34bc4bc49a725f2686a5cf9c89985798,145,20150916
34bc4bc49a725f2686a5cf9c89985798,267,20150917
34bc4bc49a725f2686a5cf9c89985798,136,20150918
34bc4bc49a725f2686a5cf9c89985798,267,20150919
34bc4bc49a725f2686a5cf9c89985798,145,20150920
34bc4bc49a725f2686a5cf9c89985798,267,20150921
34bc4bc49a725f2686a5cf9c89985798,145,20150922
34bc4bc49a725f2686a5cf9c89985798,267,20150923
34bc4bc49a725f2686a5cf9c89985798,145,20150924
34bc4bc49a725f2686a5cf9c89985798,267,20150925
34bc4bc49a725f2686a5cf9c89985798,145,20150926
34bc4bc49a725f2686a5cf9c89985798,267,20150927
34bc4bc49a725f2686a5cf9c89985798,145,20150928
34bc4bc49a725f2686a5cf9c89985798,267,20150929
34bc4bc49a725f2686a5cf9c89985798,145,20150930
34bc4bc49a725f2686a5cf9c89985798,267,20151001
34bc4bc49a725f2686a5cf9c89985798,145,20151002
34bc4bc49a725f2686a5cf9c89985798,267,20151003
34bc4bc49a725f2686a5cf9c89985798,145,20151004
34bc4bc49a725f2686a5cf9c89985798,267,20151005
34bc4bc49a725f2686a5cf9c89985798,145,20151006
34bc4bc49a725f2686a5cf9c89985798,267,20151007
34bc4bc49a725f2686a5cf9c89985798,145,20151008
34bc4bc49a725f2686a5cf9c89985798,267,20151009
34bc4bc49a725f2686a5cf9c89985798,145,20151010
34bc4bc49a725f2686a5cf9c89985798,267,20151011
34bc4bc49a725f2686a5cf9c89985798,145,20151012
34bc4bc49a725f2686a5cf9c89985798,267,20151013
34bc4bc49a725f2686a5cf9c89985798,145,20151014
34bc4bc49a725f2686a5cf9c89985798,267,20151015
34bc4bc49a725f2686a5cf9c89985798,145,20151016
34bc4bc49a725f2686a5cf9c89985798,267,20151017
34bc4bc49a725f2686a5cf9c89985798,145,20151018
34bc4bc49a725f2686a5cf9c89985798,267,20151019
34bc4bc49a725f2686a5cf9c89985798,145,20151020
34bc4bc49a725f2686a5cf9c89985798,267,20151021
34bc4bc49a725f2686a5cf9c89985798,145,20151022
34bc4bc49a725f2686a5cf9c89985798,267,20151023
34bc4bc49a725f2686a5cf9c89985798,145,20151024
34bc4bc49a725f2686a5cf9c89985798,267,20151025
34bc4bc49a725f2686a5cf9c89985798,145,20151026
34bc4bc49a725f2686a5cf9c89985798,267,20151027
34bc4bc49a725f2686a5cf9c89985798,145,20151028
34bc4bc49a725f2686a5cf9c89985798,267,20151029
34bc4bc49a725f2686a5cf9c89985798,145,20151030
3e395c6b799d3d8cb7cd501b4503b536,986,20150901
3e395c6b799d3d8cb7cd501b4503b536,986,20150902
3e395c6b799d3d8cb7cd501b4503b536,986,20150903
3e395c6b799d3d8cb7cd501b4503b536,986,20150904
3e395c6b799d3d8cb7cd501b4503b536,986,20150905
3e395c6b799d3d8cb7cd501b4503b536,986,20150906
3e395c6b799d3d8cb7cd501b4503b536,986,20150907
3e395c6b799d3d8cb7cd501b4503b536,986,20150908
3e395c6b799d3d8cb7cd501b4503b536,986,20150909
3e395c6b799d3d8cb7cd501b4503b536,986,20150910
3e395c6b799d3d8cb7cd501b4503b536,986,20150911
3e395c6b799d3d8cb7cd501b4503b536,986,20150912
3e395c6b799d3d8cb7cd501b4503b536,986,20150913
3e395c6b799d3d8cb7cd501b4503b536,986,20150914
3e395c6b799d3d8cb7cd501b4503b536,986,20150915
3e395c6b799d3d8cb7cd501b4503b536,986,20150916
3e395c6b799d3d8cb7cd501b4503b536,986,20150917
3e395c6b799d3d8cb7cd501b4503b536,986,20150918
3e395c6b799d3d8cb7cd501b4503b536,986,20150919
3e395c6b799d3d8cb7cd501b4503b536,986,20150920
3e395c6b799d3d8cb7cd501b4503b536,986,20150921
3e395c6b799d3d8cb7cd501b4503b536,986,20150922
3e395c6b799d3d8cb7cd501b4503b536,986,20150923
3e395c6b799d3d8cb7cd501b4503b536,986,20150924
3e395c6b799d3d8cb7cd501b4503b536,986,20150925
3e395c6b799d3d8cb7cd501b4503b536,986,20150926
3e395c6b799d3d8cb7cd501b4503b536,986,20150927
3e395c6b799d3d8cb7cd501b4503b536,986,20150928
3e395c6b799d3d8cb7cd501b4503b536,986,20150929
3e395c6b799d3d8cb7cd501b4503b536,986,20150930
3e395c6b799d3d8cb7cd501b4503b536,986,20151001
3e395c6b799d3d8cb7cd501b4503b536,986,20151002
3e395c6b799d3d8cb7cd501b4503b536,986,20151003
3e395c6b799d3d8cb7cd501b4503b536,986,20151004
3e395c6b799d3d8cb7cd501b4503b536,986,20151005
3e395c6b799d3d8cb7cd501b4503b536,986,20151006
3e395c6b799d3d8cb7cd501b4503b536,986,20151007
3e395c6b799d3d8cb7cd501b4503b536,986,20151008
3e395c6b799d3d8cb7cd501b4503b536,986,20151009
3e395c6b799d3d8cb7cd501b4503b536,986,20151010
3e395c6b799d3d8cb7cd501b4503b536,986,20151011
3e395c6b799d3d8cb7cd501b4503b536,986,20151012
3e395c6b799d3d8cb7cd501b4503b536,986,20151013
3e395c6b799d3d8cb7cd501b4503b536,986,20151014
3e395c6b799d3d8cb7cd501b4503b536,986,20151015
3e395c6b799d3d8cb7cd501b4503b536,986,20151016
3e395c6b799d3d8cb7cd501b4503b536,986,20151017
3e395c6b799d3d8cb7cd501b4503b536,986,20151018
3e395c6b799d3d8cb7cd501b4503b536,986,20151019
3e395c6b799d3d8cb7cd501b4503b536,986,20151020
3e395c6b799d3d8cb7cd501b4503b536,986,20151021
3e395c6b799d3d8cb7cd501b4503b536,986,20151022
3e395c6b799d3d8cb7cd501b4503b536,986,20151023
3e395c6b799d3d8cb7cd501b4503b536,986,20151024
3e395c6b799d3d8cb7cd501b4503b536,986,20151025
3e395c6b799d3d8cb7cd501b4503b536,986,20151026
3e395c6b799d3d8cb7cd501b4503b536,986,20151027
3e395c6b799d3d8cb7cd501b4503b536,986,20151028
3e395c6b799d3d8cb7cd501b4503b536,986,20151029
3e395c6b799d3d8cb7cd501b4503b536,986,20151030
40bbb0da5570702dd6ff3af5e9e3aea6,931,20150901
40bbb0da5570702dd6ff3af5e9e3aea6,931,20150902
40bbb0da5570702dd6ff3af5e9e3aea6,931,20150903
40bbb0da5570702dd6ff3af5e9e3aea6,931,20150904
40bbb0da5570702dd6ff3af5e9e3aea6,931,20150905
40bbb0da5570702dd6ff3af5e9e3aea6,931,20150906
40bbb0da5570702dd6ff3af5e9e3aea6,931,20150907
40bbb0da5570702dd6ff3af5e9e3aea6,931,20150908
40bbb0da5570702dd6ff3af5e9e3aea6,931,20150909
40bbb0da5570702dd6ff3af5e9e3aea6,931,20150910
40bbb0da5570702dd6ff3af5e9e3aea6,931,20150911
40bbb0da5570702dd6ff3af5e9e3aea6,931,20150912
40bbb0da5570702dd6ff3af5e9e3aea6,931,20150913
40bbb0da5570702dd6ff3af5e9e3aea6,931,20150914
40bbb0da5570702dd6ff3af5e9e3aea6,931,20150915
40bbb0da5570702dd6ff3af5e9e3aea6,931,20150916
40bbb0da5570702dd6ff3af5e9e3aea6,931,20150917
40bbb0da5570702dd6ff3af5e9e3aea6,931,20150918
40bbb0da5570702dd6ff3af5e9e3aea6,931,20150919
40bbb0da5570702dd6ff3af5e9e3aea6,931,20150920
40bbb0da5570702dd6ff3af5e9e3aea6,931,20150921
40bbb0da5570702dd6ff3af5e9e3aea6,931,20150922
40bbb0da5570702dd6ff3af5e9e3aea6,931,20150923
40bbb0da5570702dd6ff3af5e9e3aea6,931,20150924
40bbb0da5570702dd6ff3af5e9e3aea6,931,20150925
40bbb0da5570702dd6ff3af5e9e3aea6,931,20150926
40bbb0da5570702dd6ff3af5e9e3aea6,931,20150927
40bbb0da5570702dd6ff3af5e9e3aea6,931,20150928
40bbb0da5570702dd6ff3af5e9e3aea6,931,20150929
40bbb0da5570702dd6ff3af5e9e3aea6,931,20150930
40bbb0da5570702dd6ff3af5e9e3aea6,931,20151001
40bbb0da5570702dd6ff3af5e9e3aea6,931,20151002
40bbb0da5570702dd6ff3af5e9e3aea6,931,20151003
40bbb0da5570702dd6ff3af5e9e3aea6,931,20151004
40bbb0da5570702dd6ff3af5e9e3aea6,931,20151005
40bbb0da5570702dd6ff3af5e9e3aea6,931,20151006
40bbb0da5570702dd6ff3af5e9e3aea6,931,20151007
40bbb0da5570702dd6ff3af5e9e3aea6,931,20151008
40bbb0da5570702dd6ff3af5e9e3aea6,931,20151009
40bbb0da5570702dd6ff3af5e9e3aea6,931,20151010
40bbb0da5570702dd6ff3af5e9e3aea6,931,20151011
40bbb0da5570702dd6ff3af5e9e3aea6,931,20151012
40bbb0da5570702dd6ff3af5e9e3aea6,931,20151013
40bbb0da5570702dd6ff3af5e9e3aea6,931,20151014
40bbb0da5570702dd6ff3af5e9e3aea6,931,20151015
40bbb0da5570702dd6ff3af5e9e3aea6,931,20151016
40bbb0da5570702dd6ff3af5e9e3aea6,931,20151017
40bbb0da5570702dd6ff3af5e9e3aea6,931,20151018
40bbb0da5570702dd6ff3af5e9e3aea6,931,20151019
40bbb0da5570702dd6ff3af5e9e3aea6,931,20151020
40bbb0da5570702dd6ff3af5e9e3aea6,931,20151021
40bbb0da5570702dd6ff3af5e9e3aea6,931,20151022
40bbb0da5570702dd6ff3af5e9e3aea6,931,20151023
40bbb0da5570702dd6ff3af5e9e3aea6,931,20151024
40bbb0da5570702dd6ff3af5e9e3aea6,931,20151025
40bbb0da5570702dd6ff3af5e9e3aea6,931,20151026
40bbb0da5570702dd6ff3af5e9e3aea6,931,20151027
40bbb0da5570702dd6ff3af5e9e3aea6,931,20151028
40bbb0da5570702dd6ff3af5e9e3aea6,931,20151029
40bbb0da5570702dd6ff3af5e9e3aea6,931,20151030
61dfd882204789d7d0f70fee2b901cef,58,20150901
61dfd882204789d7d0f70fee2b901cef,39,20150902
61dfd882204789d7d0f70fee2b901cef,72,20150903
61dfd882204789d7d0f70fee2b901cef,52,20150904
61dfd882204789d7d0f70fee2b901cef,56,20150905
61dfd882204789d7d0f70fee2b901cef,56,20150906
61dfd882204789d7d0f70fee2b901cef,67,20150907
61dfd882204789d7d0f70fee2b901cef,54,20150908
61dfd882204789d7d0f70fee2b901cef,44,20150909
61dfd882204789d7d0f70fee2b901cef,40,20150910
61dfd882204789d7d0f70fee2b901cef,58,20150911
61dfd882204789d7d0f70fee2b901cef,61,20150912
61dfd882204789d7d0f70fee2b901cef,61,20150913
61dfd882204789d7d0f70fee2b901cef,41,20150914
61dfd882204789d7d0f70fee2b901cef,55,20150915
61dfd882204789d7d0f70fee2b901cef,48,20150916
61dfd882204789d7d0f70fee2b901cef,47,20150917
61dfd882204789d7d0f70fee2b901cef,59,20150918
61dfd882204789d7d0f70fee2b901cef,60,20150919
61dfd882204789d7d0f70fee2b901cef,56,20150920
61dfd882204789d7d0f70fee2b901cef,55,20150921
61dfd882204789d7d0f70fee2b901cef,62,20150922
61dfd882204789d7d0f70fee2b901cef,63,20150923
61dfd882204789d7d0f70fee2b901cef,64,20150924
61dfd882204789d7d0f70fee2b901cef,57,20150925
61dfd882204789d7d0f70fee2b901cef,50,20150926
61dfd882204789d7d0f70fee2b901cef,58,20150927
61dfd882204789d7d0f70fee2b901cef,54,20150928
61dfd882204789d7d0f70fee2b901cef,47,20150929
61dfd882204789d7d0f70fee2b901cef,50,20150930
61dfd882204789d7d0f70fee2b901cef,57,20151001
61dfd882204789d7d0f70fee2b901cef,56,20151002
61dfd882204789d7d0f70fee2b901cef,62,20151003
61dfd882204789d7d0f70fee2b901cef,65,20151004
61dfd882204789d7d0f70fee2b901cef,69,20151005
61dfd882204789d7d0f70fee2b901cef,68,20151006
61dfd882204789d7d0f70fee2b901cef,67,20151007
61dfd882204789d7d0f70fee2b901cef,56,20151008
61dfd882204789d7d0f70fee2b901cef,50,20151009
61dfd882204789d7d0f70fee2b901cef,51,20151010
61dfd882204789d7d0f70fee2b901cef,48,20151011
61dfd882204789d7d0f70fee2b901cef,58,20151012
61dfd882204789d7d0f70fee2b901cef,55,20151013
61dfd882204789d7d0f70fee2b901cef,49,20151014
61dfd882204789d7d0f70fee2b901cef,52,20151015
61dfd882204789d7d0f70fee2b901cef,57,20151016
61dfd882204789d7d0f70fee2b901cef,57,20151017
61dfd882204789d7d0f70fee2b901cef,62,20151018
61dfd882204789d7d0f70fee2b901cef,67,20151019
61dfd882204789d7d0f70fee2b901cef,67,20151020
61dfd882204789d7d0f70fee2b901cef,68,20151021
61dfd882204789d7d0f70fee2b901cef,64,20151022
61dfd882204789d7d0f70fee2b901cef,54,20151023
61dfd882204789d7d0f70fee2b901cef,51,20151024
61dfd882204789d7d0f70fee2b901cef,49,20151025
61dfd882204789d7d0f70fee2b901cef,57,20151026
61dfd882204789d7d0f70fee2b901cef,55,20151027
61dfd882204789d7d0f70fee2b901cef,59,20151028
61dfd882204789d7d0f70fee2b901cef,64,20151029
61dfd882204789d7d0f70fee2b901cef,67,20151030
6f462b173b2d6d20a2c9fb1ec0fd2dda,412,20150901
6f462b173b2d6d20a2c9fb1ec0fd2dda,412,20150902
6f462b173b2d6d20a2c9fb1ec0fd2dda,412,20150903
6f462b173b2d6d20a2c9fb1ec0fd2dda,412,20150904
6f462b173b2d6d20a2c9fb1ec0fd2dda,412,20150905
6f462b173b2d6d20a2c9fb1ec0fd2dda,412,20150906
6f462b173b2d6d20a2c9fb1ec0fd2dda,412,20150907
6f462b173b2d6d20a2c9fb1ec0fd2dda,412,20150908
6f462b173b2d6d20a2c9fb1ec0fd2dda,412,20150909
6f462b173b2d6d20a2c9fb1ec0fd2dda,412,20150910
6f462b173b2d6d20a2c9fb1ec0fd2dda,412,20150911
6f462b173b2d6d20a2c9fb1ec0fd2dda,412,20150912
6f462b173b2d6d20a2c9fb1ec0fd2dda,412,20150913
6f462b173b2d6d20a2c9fb1ec0fd2dda,412,20150914
6f462b173b2d6d20a2c9fb1ec0fd2dda,412,20150915
6f462b173b2d6d20a2c9fb1ec0fd2dda,412,20150916
6f462b173b2d6d20a2c9fb1ec0fd2dda,412,20150917
6f462b173b2d6d20a2c9fb1ec0fd2dda,412,20150918
6f462b173b2d6d20a2c9fb1ec0fd2dda,412,20150919
6f462b173b2d6d20a2c9fb1ec0fd2dda,412,20150920
6f462b173b2d6d20a2c9fb1ec0fd2dda,412,20150921
6f462b173b2d6d20a2c9fb1ec0fd2dda,412,20150922
6f462b173b2d6d20a2c9fb1ec0fd2dda,412,20150923
6f462b173b2d6d20a2c9fb1ec0fd2dda,412,20150924
6f462b173b2d6d20a2c9fb1ec0fd2dda,412,20150925
6f462b173b2d6d20a2c9fb1ec0fd2dda,412,20150926
6f462b173b2d6d20a2c9fb1ec0fd2dda,412,20150927
6f462b173b2d6d20a2c9fb1ec0fd2dda,412,20150928
6f462b173b2d6d20a2c9fb1ec0fd2dda,412,20150929
6f462b173b2d6d20a2c9fb1ec0fd2dda,412,20150930
6f462b173b2d6d20a2c9fb1ec0fd2dda,412,20151001
6f462b173b2d6d20a2c9fb1ec0fd2dda,412,20151002
6f462b173b2d6d20a2c9fb1ec0fd2dda,412,20151003
6f462b173b2d6d20a2c9fb1ec0fd2dda,412,20151004
6f462b173b2d6d20a2c9fb1ec0fd2dda,412,20151005
6f462b173b2d6d20a2c9fb1ec0fd2dda,412,20151006
6f462b173b2d6d20a2c9fb1ec0fd2dda,412,20151007
6f462b173b2d6d20a2c9fb1ec0fd2dda,412,20151008
6f462b173b2d6d20a2c9fb1ec0fd2dda,412,20151009
6f462b173b2d6d20a2c9fb1ec0fd2dda,412,20151010
6f462b173b2d6d20a2c9fb1ec0fd2dda,412,20151011
6f462b173b2d6d20a2c9fb1ec0fd2dda,412,20151012
6f462b173b2d6d20a2c9fb1ec0fd2dda,412,20151013
6f462b173b2d6d20a2c9fb1ec0fd2dda,412,20151014
6f462b173b2d6d20a2c9fb1ec0fd2dda,412,20151015
6f462b173b2d6d20a2c9fb1ec0fd2dda,412,20151016
6f462b173b2d6d20a2c9fb1ec0fd2dda,412,20151017
6f462b173b2d6d20a2c9fb1ec0fd2dda,412,20151018
6f462b173b2d6d20a2c9fb1ec0fd2dda,412,20151019
6f462b173b2d6d20a2c9fb1ec0fd2dda,412,20151020
6f462b173b2d6d20a2c9fb1ec0fd2dda,412,20151021
6f462b173b2d6d20a2c9fb1ec0fd2dda,412,20151022
6f462b173b2d6d20a2c9fb1ec0fd2dda,412,20151023
6f462b173b2d6d20a2c9fb1ec0fd2dda,412,20151024
6f462b173b2d6d20a2c9fb1ec0fd2dda,412,20151025
6f462b173b2d6d20a2c9fb1ec0fd2dda,412,20151026
6f462b173b2d6d20a2c9fb1ec0fd2dda,412,20151027
6f462b173b2d6d20a2c9fb1ec0fd2dda,412,20151028
6f462b173b2d6d20a2c9fb1ec0fd2dda,412,20151029
6f462b173b2d6d20a2c9fb1ec0fd2dda,412,20151030
7e0db58c13d033dafe5f5e1e70ff7eb4,1101,20150901
7e0db58c13d033dafe5f5e1e70ff7eb4,1101,20150902
7e0db58c13d033dafe5f5e1e70ff7eb4,1101,20150903
7e0db58c13d033dafe5f5e1e70ff7eb4,1101,20150904
7e0db58c13d033dafe5f5e1e70ff7eb4,1101,20150905
7e0db58c13d033dafe5f5e1e70ff7eb4,1101,20150906
7e0db58c13d033dafe5f5e1e70ff7eb4,1101,20150907
7e0db58c13d033dafe5f5e1e70ff7eb4,1101,20150908
7e0db58c13d033dafe5f5e1e70ff7eb4,1101,20150909
7e0db58c13d033dafe5f5e1e70ff7eb4,1101,20150910
7e0db58c13d033dafe5f5e1e70ff7eb4,1101,20150911
7e0db58c13d033dafe5f5e1e70ff7eb4,1101,20150912
7e0db58c13d033dafe5f5e1e70ff7eb4,1101,20150913
7e0db58c13d033dafe5f5e1e70ff7eb4,1101,20150914
7e0db58c13d033dafe5f5e1e70ff7eb4,1101,20150915
7e0db58c13d033dafe5f5e1e70ff7eb4,1101,20150916
7e0db58c13d033dafe5f5e1e70ff7eb4,1101,20150917
7e0db58c13d033dafe5f5e1e70ff7eb4,1101,20150918
7e0db58c13d033dafe5f5e1e70ff7eb4,1101,20150919
7e0db58c13d033dafe5f5e1e70ff7eb4,1101,20150920
7e0db58c13d033dafe5f5e1e70ff7eb4,1101,20150921
7e0db58c13d033dafe5f5e1e70ff7eb4,1101,20150922
7e0db58c13d033dafe5f5e1e70ff7eb4,1101,20150923
7e0db58c13d033dafe5f5e1e70ff7eb4,1101,20150924
7e0db58c13d033dafe5f5e1e70ff7eb4,1101,20150925
7e0db58c13d033dafe5f5e1e70ff7eb4,1101,20150926
7e0db58c13d033dafe5f5e1e70ff7eb4,1101,20150927
7e0db58c13d033dafe5f5e1e70ff7eb4,1101,20150928
7e0db58c13d033dafe5f5e1e70ff7eb4,1101,20150929
7e0db58c13d033dafe5f5e1e70ff7eb4,1101,20150930
7e0db58c13d033dafe5f5e1e70ff7eb4,1101,20151001
7e0db58c13d033dafe5f5e1e70ff7eb4,1101,20151002
7e0db58c13d033dafe5f5e1e70ff7eb4,1101,20151003
7e0db58c13d033dafe5f5e1e70ff7eb4,1101,20151004
7e0db58c13d033dafe5f5e1e70ff7eb4,1101,20151005
7e0db58c13d033dafe5f5e1e70ff7eb4,1101,20151006
7e0db58c13d033dafe5f5e1e70ff7eb4,1101,20151007
7e0db58c13d033dafe5f5e1e70ff7eb4,1101,20151008
7e0db58c13d033dafe5f5e1e70ff7eb4,1101,20151009
7e0db58c13d033dafe5f5e1e70ff7eb4,1101,20151010
7e0db58c13d033dafe5f5e1e70ff7eb4,1101,20151011
7e0db58c13d033dafe5f5e1e70ff7eb4,1101,20151012
7e0db58c13d033dafe5f5e1e70ff7eb4,1101,20151013
7e0db58c13d033dafe5f5e1e70ff7eb4,1101,20151014
7e0db58c13d033dafe5f5e1e70ff7eb4,1101,20151015
7e0db58c13d033dafe5f5e1e70ff7eb4,1101,20151016
7e0db58c13d033dafe5f5e1e70ff7eb4,1101,20151017
7e0db58c13d033dafe5f5e1e70ff7eb4,1101,20151018
7e0db58c13d033dafe5f5e1e70ff7eb4,1101,20151019
7e0db58c13d033dafe5f5e1e70ff7eb4,1101,20151020
7e0db58c13d033dafe5f5e1e70ff7eb4,1101,20151021
7e0db58c13d033dafe5f5e1e70ff7eb4,1101,20151022
7e0db58c13d033dafe5f5e1e70ff7eb4,1101,20151023
7e0db58c13d033dafe5f5e1e70ff7eb4,1101,20151024
7e0db58c13d033dafe5f5e1e70ff7eb4,1101,20151025
7e0db58c13d033dafe5f5e1e70ff7eb4,1101,20151026
7e0db58c13d033dafe5f5e1e70ff7eb4,1101,20151027
7e0db58c13d033dafe5f5e1e70ff7eb4,1101,20151028
7e0db58c13d033dafe5f5e1e70ff7eb4,1101,20151029
7e0db58c13d033dafe5f5e1e70ff7eb4,1101,20151030
82fda1f850a9fe22e41b5c8dadaff4ac,206,20150901
82fda1f850a9fe22e41b5c8dadaff4ac,206,20150902
82fda1f850a9fe22e41b5c8dadaff4ac,206,20150903
82fda1f850a9fe22e41b5c8dadaff4ac,206,20150904
82fda1f850a9fe22e41b5c8dadaff4ac,206,20150905
82fda1f850a9fe22e41b5c8dadaff4ac,206,20150906
82fda1f850a9fe22e41b5c8dadaff4ac,206,20150907
82fda1f850a9fe22e41b5c8dadaff4ac,206,20150908
82fda1f850a9fe22e41b5c8dadaff4ac,206,20150909
82fda1f850a9fe22e41b5c8dadaff4ac,206,20150910
82fda1f850a9fe22e41b5c8dadaff4ac,206,20150911
82fda1f850a9fe22e41b5c8dadaff4ac,206,20150912
82fda1f850a9fe22e41b5c8dadaff4ac,206,20150913
82fda1f850a9fe22e41b5c8dadaff4ac,206,20150914
82fda1f850a9fe22e41b5c8dadaff4ac,206,20150915
82fda1f850a9fe22e41b5c8dadaff4ac,206,20150916
82fda1f850a9fe22e41b5c8dadaff4ac,206,20150917
82fda1f850a9fe22e41b5c8dadaff4ac,206,20150918
82fda1f850a9fe22e41b5c8dadaff4ac,206,20150919
82fda1f850a9fe22e41b5c8dadaff4ac,206,20150920
82fda1f850a9fe22e41b5c8dadaff4ac,206,20150921
82fda1f850a9fe22e41b5c8dadaff4ac,206,20150922
82fda1f850a9fe22e41b5c8dadaff4ac,206,20150923
82fda1f850a9fe22e41b5c8dadaff4ac,206,20150924
82fda1f850a9fe22e41b5c8dadaff4ac,206,20150925
82fda1f850a9fe22e41b5c8dadaff4ac,206,20150926
82fda1f850a9fe22e41b5c8dadaff4ac,206,20150927
82fda1f850a9fe22e41b5c8dadaff4ac,206,20150928
82fda1f850a9fe22e41b5c8dadaff4ac,206,20150929
82fda1f850a9fe22e41b5c8dadaff4ac,206,20150930
82fda1f850a9fe22e41b5c8dadaff4ac,206,20151001
82fda1f850a9fe22e41b5c8dadaff4ac,206,20151002
82fda1f850a9fe22e41b5c8dadaff4ac,206,20151003
82fda1f850a9fe22e41b5c8dadaff4ac,206,20151004
82fda1f850a9fe22e41b5c8dadaff4ac,206,20151005
82fda1f850a9fe22e41b5c8dadaff4ac,206,20151006
82fda1f850a9fe22e41b5c8dadaff4ac,206,20151007
82fda1f850a9fe22e41b5c8dadaff4ac,206,20151008
82fda1f850a9fe22e41b5c8dadaff4ac,206,20151009
82fda1f850a9fe22e41b5c8dadaff4ac,206,20151010
82fda1f850a9fe22e41b5c8dadaff4ac,206,20151011
82fda1f850a9fe22e41b5c8dadaff4ac,206,20151012
82fda1f850a9fe22e41b5c8dadaff4ac,206,20151013
82fda1f850a9fe22e41b5c8dadaff4ac,206,20151014
82fda1f850a9fe22e41b5c8dadaff4ac,206,20151015
82fda1f850a9fe22e41b5c8dadaff4ac,206,20151016
82fda1f850a9fe22e41b5c8dadaff4ac,206,20151017
82fda1f850a9fe22e41b5c8dadaff4ac,206,20151018
82fda1f850a9fe22e41b5c8dadaff4ac,206,20151019
82fda1f850a9fe22e41b5c8dadaff4ac,206,20151020
82fda1f850a9fe22e41b5c8dadaff4ac,206,20151021
82fda1f850a9fe22e41b5c8dadaff4ac,206,20151022
82fda1f850a9fe22e41b5c8dadaff4ac,206,20151023
82fda1f850a9fe22e41b5c8dadaff4ac,206,20151024
82fda1f850a9fe22e41b5c8dadaff4ac,206,20151025
82fda1f850a9fe22e41b5c8dadaff4ac,206,20151026
82fda1f850a9fe22e41b5c8dadaff4ac,206,20151027
82fda1f850a9fe22e41b5c8dadaff4ac,206,20151028
82fda1f850a9fe22e41b5c8dadaff4ac,206,20151029
82fda1f850a9fe22e41b5c8dadaff4ac,206,20151030
8f29cbc2a555034643d66f9e83dd7a7a,114,20150901
8f29cbc2a555034643d66f9e83dd7a7a,125,20150902
8f29cbc2a555034643d66f9e83dd7a7a,134,20150903
8f29cbc2a555034643d66f9e83dd7a7a,121,20150904
8f29cbc2a555034643d66f9e83dd7a7a,175,20150905
8f29cbc2a555034643d66f9e83dd7a7a,106,20150906
8f29cbc2a555034643d66f9e83dd7a7a,91,20150907
8f29cbc2a555034643d66f9e83dd7a7a,79,20150908
8f29cbc2a555034643d66f9e83dd7a7a,134,20150909
8f29cbc2a555034643d66f9e83dd7a7a,134,20150910
8f29cbc2a555034643d66f9e83dd7a7a,226,20150911
8f29cbc2a555034643d66f9e83dd7a7a,152,20150912
8f29cbc2a555034643d66f9e83dd7a7a,180,20150913
8f29cbc2a555034643d66f9e83dd7a7a,111,20150914
8f29cbc2a555034643d66f9e83dd7a7a,114,20150915
8f29cbc2a555034643d66f9e83dd7a7a,106,20150916
8f29cbc2a555034643d66f9e83dd7a7a,130,20150917
8f29cbc2a555034643d66f9e83dd7a7a,118,20150918
8f29cbc2a555034643d66f9e83dd7a7a,131,20150919
8f29cbc2a555034643d66f9e83dd7a7a,223,20150920
8f29cbc2a555034643d66f9e83dd7a7a,130,20150921
8f29cbc2a555034643d66f9e83dd7a7a,136,20150922
8f29cbc2a555034643d66f9e83dd7a7a,147,20150923
8f29cbc2a555034643d66f9e83dd7a7a,174,20150924
8f29cbc2a555034643d66f9e83dd7a7a,84,20150925
8f29cbc2a555034643d66f9e83dd7a7a,72,20150926
8f29cbc2a555034643d66f9e83dd7a7a,112,20150927
8f29cbc2a555034643d66f9e83dd7a7a,145,20150928
8f29cbc2a555034643d66f9e83dd7a7a,128,20150929
8f29cbc2a555034643d66f9e83dd7a7a,183,20150930
8f29cbc2a555034643d66f9e83dd7a7a,148,20151001
8f29cbc2a555034643d66f9e83dd7a7a,198,20151002
8f29cbc2a555034643d66f9e83dd7a7a,115,20151003
8f29cbc2a555034643d66f9e83dd7a7a,117,20151004
8f29cbc2a555034643d66f9e83dd7a7a,101,20151005
8f29cbc2a555034643d66f9e83dd7a7a,130,20151006
8f29cbc2a555034643d66f9e83dd7a7a,120,20151007
8f29cbc2a555034643d66f9e83dd7a7a,130,20151008
8f29cbc2a555034643d66f9e83dd7a7a,223,20151009
8f29cbc2a555034643d66f9e83dd7a7a,132,20151010
8f29cbc2a555034643d66f9e83dd7a7a,135,20151011
8f29cbc2a555034643d66f9e83dd7a7a,147,20151012
8f29cbc2a555034643d66f9e83dd7a7a,175,20151013
8f29cbc2a555034643d66f9e83dd7a7a,83,20151014
8f29cbc2a555034643d66f9e83dd7a7a,72,20151015
8f29cbc2a555034643d66f9e83dd7a7a,113,20151016
8f29cbc2a555034643d66f9e83dd7a7a,145,20151017
8f29cbc2a555034643d66f9e83dd7a7a,128,20151018
8f29cbc2a555034643d66f9e83dd7a7a,183,20151019
8f29cbc2a555034643d66f9e83dd7a7a,147,20151020
8f29cbc2a555034643d66f9e83dd7a7a,198,20151021
8f29cbc2a555034643d66f9e83dd7a7a,115,20151022
8f29cbc2a555034643d66f9e83dd7a7a,117,20151023
8f29cbc2a555034643d66f9e83dd7a7a,101,20151024
8f29cbc2a555034643d66f9e83dd7a7a,130,20151025
8f29cbc2a555034643d66f9e83dd7a7a,120,20151026
8f29cbc2a555034643d66f9e83dd7a7a,130,20151027
8f29cbc2a555034643d66f9e83dd7a7a,223,20151028
8f29cbc2a555034643d66f9e83dd7a7a,132,20151029
8f29cbc2a555034643d66f9e83dd7a7a,135,20151030
97de6333157f35467dff271d7afb0a23,660,20150901
97de6333157f35467dff271d7afb0a23,660,20150902
97de6333157f35467dff271d7afb0a23,660,20150903
97de6333157f35467dff271d7afb0a23,660,20150904
97de6333157f35467dff271d7afb0a23,660,20150905
97de6333157f35467dff271d7afb0a23,660,20150906
97de6333157f35467dff271d7afb0a23,660,20150907
97de6333157f35467dff271d7afb0a23,660,20150908
97de6333157f35467dff271d7afb0a23,660,20150909
97de6333157f35467dff271d7afb0a23,660,20150910
97de6333157f35467dff271d7afb0a23,660,20150911
97de6333157f35467dff271d7afb0a23,660,20150912
97de6333157f35467dff271d7afb0a23,660,20150913
97de6333157f35467dff271d7afb0a23,660,20150914
97de6333157f35467dff271d7afb0a23,660,20150915
97de6333157f35467dff271d7afb0a23,660,20150916
97de6333157f35467dff271d7afb0a23,660,20150917
97de6333157f35467dff271d7afb0a23,660,20150918
97de6333157f35467dff271d7afb0a23,660,20150919
97de6333157f35467dff271d7afb0a23,660,20150920
97de6333157f35467dff271d7afb0a23,660,20150921
97de6333157f35467dff271d7afb0a23,660,20150922
97de6333157f35467dff271d7afb0a23,660,20150923
97de6333157f35467dff271d7afb0a23,660,20150924
97de6333157f35467dff271d7afb0a23,660,20150925
97de6333157f35467dff271d7afb0a23,660,20150926
97de6333157f35467dff271d7afb0a23,660,20150927
97de6333157f35467dff271d7afb0a23,660,20150928
97de6333157f35467dff271d7afb0a23,660,20150929
97de6333157f35467dff271d7afb0a23,660,20150930
97de6333157f35467dff271d7afb0a23,660,20151001
97de6333157f35467dff271d7afb0a23,660,20151002
97de6333157f35467dff271d7afb0a23,660,20151003
97de6333157f35467dff271d7afb0a23,660,20151004
97de6333157f35467dff271d7afb0a23,660,20151005
97de6333157f35467dff271d7afb0a23,660,20151006
97de6333157f35467dff271d7afb0a23,660,20151007
97de6333157f35467dff271d7afb0a23,660,20151008
97de6333157f35467dff271d7afb0a23,660,20151009
97de6333157f35467dff271d7afb0a23,660,20151010
97de6333157f35467dff271d7afb0a23,660,20151011
97de6333157f35467dff271d7afb0a23,660,20151012
97de6333157f35467dff271d7afb0a23,660,20151013
97de6333157f35467dff271d7afb0a23,660,20151014
97de6333157f35467dff271d7afb0a23,660,20151015
97de6333157f35467dff271d7afb0a23,660,20151016
97de6333157f35467dff271d7afb0a23,660,20151017
97de6333157f35467dff271d7afb0a23,660,20151018
97de6333157f35467dff271d7afb0a23,660,20151019
97de6333157f35467dff271d7afb0a23,660,20151020
97de6333157f35467dff271d7afb0a23,660,20151021
97de6333157f35467dff271d7afb0a23,660,20151022
97de6333157f35467dff271d7afb0a23,660,20151023
97de6333157f35467dff271d7afb0a23,660,20151024
97de6333157f35467dff271d7afb0a23,660,20151025
97de6333157f35467dff271d7afb0a23,660,20151026
97de6333157f35467dff271d7afb0a23,660,20151027
97de6333157f35467dff271d7afb0a23,660,20151028
97de6333157f35467dff271d7afb0a23,660,20151029
97de6333157f35467dff271d7afb0a23,660,20151030
be0c7a23c2aa9afb45163995b9ec938c,812,20150901
be0c7a23c2aa9afb45163995b9ec938c,812,20150902
be0c7a23c2aa9afb45163995b9ec938c,812,20150903
be0c7a23c2aa9afb45163995b9ec938c,812,20150904
be0c7a23c2aa9afb45163995b9ec938c,812,20150905
be0c7a23c2aa9afb45163995b9ec938c,812,20150906
be0c7a23c2aa9afb45163995b9ec938c,812,20150907
be0c7a23c2aa9afb45163995b9ec938c,812,20150908
be0c7a23c2aa9afb45163995b9ec938c,812,20150909
be0c7a23c2aa9afb45163995b9ec938c,812,20150910
be0c7a23c2aa9afb45163995b9ec938c,812,20150911
be0c7a23c2aa9afb45163995b9ec938c,812,20150912
be0c7a23c2aa9afb45163995b9ec938c,812,20150913
be0c7a23c2aa9afb45163995b9ec938c,812,20150914
be0c7a23c2aa9afb45163995b9ec938c,812,20150915
be0c7a23c2aa9afb45163995b9ec938c,812,20150916
be0c7a23c2aa9afb45163995b9ec938c,812,20150917
be0c7a23c2aa9afb45163995b9ec938c,812,20150918
be0c7a23c2aa9afb45163995b9ec938c,812,20150919
be0c7a23c2aa9afb45163995b9ec938c,812,20150920
be0c7a23c2aa9afb45163995b9ec938c,812,20150921
be0c7a23c2aa9afb45163995b9ec938c,812,20150922
be0c7a23c2aa9afb45163995b9ec938c,812,20150923
be0c7a23c2aa9afb45163995b9ec938c,812,20150924
be0c7a23c2aa9afb45163995b9ec938c,812,20150925
be0c7a23c2aa9afb45163995b9ec938c,812,20150926
be0c7a23c2aa9afb45163995b9ec938c,812,20150927
be0c7a23c2aa9afb45163995b9ec938c,812,20150928
be0c7a23c2aa9afb45163995b9ec938c,812,20150929
be0c7a23c2aa9afb45163995b9ec938c,812,20150930
be0c7a23c2aa9afb45163995b9ec938c,812,20151001
be0c7a23c2aa9afb45163995b9ec938c,812,20151002
be0c7a23c2aa9afb45163995b9ec938c,812,20151003
be0c7a23c2aa9afb45163995b9ec938c,812,20151004
be0c7a23c2aa9afb45163995b9ec938c,812,20151005
be0c7a23c2aa9afb45163995b9ec938c,812,20151006
be0c7a23c2aa9afb45163995b9ec938c,812,20151007
be0c7a23c2aa9afb45163995b9ec938c,812,20151008
be0c7a23c2aa9afb45163995b9ec938c,812,20151009
be0c7a23c2aa9afb45163995b9ec938c,812,20151010
be0c7a23c2aa9afb45163995b9ec938c,812,20151011
be0c7a23c2aa9afb45163995b9ec938c,812,20151012
be0c7a23c2aa9afb45163995b9ec938c,812,20151013
be0c7a23c2aa9afb45163995b9ec938c,812,20151014
be0c7a23c2aa9afb45163995b9ec938c,812,20151015
be0c7a23c2aa9afb45163995b9ec938c,812,20151016
be0c7a23c2aa9afb45163995b9ec938c,812,20151017
be0c7a23c2aa9afb45163995b9ec938c,812,20151018
be0c7a23c2aa9afb45163995b9ec938c,812,20151019
be0c7a23c2aa9afb45163995b9ec938c,812,20151020
be0c7a23c2aa9afb45163995b9ec938c,812,20151021
be0c7a23c2aa9afb45163995b9ec938c,812,20151022
be0c7a23c2aa9afb45163995b9ec938c,812,20151023
be0c7a23c2aa9afb45163995b9ec938c,812,20151024
be0c7a23c2aa9afb45163995b9ec938c,812,20151025
be0c7a23c2aa9afb45163995b9ec938c,812,20151026
be0c7a23c2aa9afb45163995b9ec938c,812,20151027
be0c7a23c2aa9afb45163995b9ec938c,812,20151028
be0c7a23c2aa9afb45163995b9ec938c,812,20151029
be0c7a23c2aa9afb45163995b9ec938c,812,20151030
c026b84e8f23a7741d9b670e3d8973f0,453,20150901
c026b84e8f23a7741d9b670e3d8973f0,453,20150902
c026b84e8f23a7741d9b670e3d8973f0,453,20150903
c026b84e8f23a7741d9b670e3d8973f0,453,20150904
c026b84e8f23a7741d9b670e3d8973f0,453,20150905
c026b84e8f23a7741d9b670e3d8973f0,453,20150906
c026b84e8f23a7741d9b670e3d8973f0,453,20150907
c026b84e8f23a7741d9b670e3d8973f0,453,20150908
c026b84e8f23a7741d9b670e3d8973f0,453,20150909
c026b84e8f23a7741d9b670e3d8973f0,453,20150910
c026b84e8f23a7741d9b670e3d8973f0,453,20150911
c026b84e8f23a7741d9b670e3d8973f0,453,20150912
c026b84e8f23a7741d9b670e3d8973f0,453,20150913
c026b84e8f23a7741d9b670e3d8973f0,453,20150914
c026b84e8f23a7741d9b670e3d8973f0,453,20150915
c026b84e8f23a7741d9b670e3d8973f0,453,20150916
c026b84e8f23a7741d9b670e3d8973f0,453,20150917
c026b84e8f23a7741d9b670e3d8973f0,453,20150918
c026b84e8f23a7741d9b670e3d8973f0,453,20150919
c026b84e8f23a7741d9b670e3d8973f0,453,20150920
c026b84e8f23a7741d9b670e3d8973f0,453,20150921
c026b84e8f23a7741d9b670e3d8973f0,453,20150922
c026b84e8f23a7741d9b670e3d8973f0,453,20150923
c026b84e8f23a7741d9b670e3d8973f0,453,20150924
c026b84e8f23a7741d9b670e3d8973f0,453,20150925
c026b84e8f23a7741d9b670e3d8973f0,453,20150926
c026b84e8f23a7741d9b670e3d8973f0,453,20150927
c026b84e8f23a7741d9b670e3d8973f0,453,20150928
c026b84e8f23a7741d9b670e3d8973f0,453,20150929
c026b84e8f23a7741d9b670e3d8973f0,453,20150930
c026b84e8f23a7741d9b670e3d8973f0,453,20151001
c026b84e8f23a7741d9b670e3d8973f0,453,20151002
c026b84e8f23a7741d9b670e3d8973f0,453,20151003
c026b84e8f23a7741d9b670e3d8973f0,453,20151004
c026b84e8f23a7741d9b670e3d8973f0,453,20151005
c026b84e8f23a7741d9b670e3d8973f0,453,20151006
c026b84e8f23a7741d9b670e3d8973f0,453,20151007
c026b84e8f23a7741d9b670e3d8973f0,453,20151008
c026b84e8f23a7741d9b670e3d8973f0,453,20151009
c026b84e8f23a7741d9b670e3d8973f0,453,20151010
c026b84e8f23a7741d9b670e3d8973f0,453,20151011
c026b84e8f23a7741d9b670e3d8973f0,453,20151012
c026b84e8f23a7741d9b670e3d8973f0,453,20151013
c026b84e8f23a7741d9b670e3d8973f0,453,20151014
c026b84e8f23a7741d9b670e3d8973f0,453,20151015
c026b84e8f23a7741d9b670e3d8973f0,453,20151016
c026b84e8f23a7741d9b670e3d8973f0,453,20151017
c026b84e8f23a7741d9b670e3d8973f0,453,20151018
c026b84e8f23a7741d9b670e3d8973f0,453,20151019
c026b84e8f23a7741d9b670e3d8973f0,453,20151020
c026b84e8f23a7741d9b670e3d8973f0,453,20151021
c026b84e8f23a7741d9b670e3d8973f0,453,20151022
c026b84e8f23a7741d9b670e3d8973f0,453,20151023
c026b84e8f23a7741d9b670e3d8973f0,453,20151024
c026b84e8f23a7741d9b670e3d8973f0,453,20151025
c026b84e8f23a7741d9b670e3d8973f0,453,20151026
c026b84e8f23a7741d9b670e3d8973f0,453,20151027
c026b84e8f23a7741d9b670e3d8973f0,453,20151028
c026b84e8f23a7741d9b670e3d8973f0,453,20151029
c026b84e8f23a7741d9b670e3d8973f0,453,20151030
e087f8842fe66efa5ccee42ff791e0ca,136,20150901
e087f8842fe66efa5ccee42ff791e0ca,171,20150902
e087f8842fe66efa5ccee42ff791e0ca,191,20150903
e087f8842fe66efa5ccee42ff791e0ca,139,20150904
e087f8842fe66efa5ccee42ff791e0ca,109,20150905
e087f8842fe66efa5ccee42ff791e0ca,232,20150906
e087f8842fe66efa5ccee42ff791e0ca,299,20150907
e087f8842fe66efa5ccee42ff791e0ca,121,20150908
e087f8842fe66efa5ccee42ff791e0ca,148,20150909
e087f8842fe66efa5ccee42ff791e0ca,123,20150910
e087f8842fe66efa5ccee42ff791e0ca,86,20150911
e087f8842fe66efa5ccee42ff791e0ca,150,20150912
e087f8842fe66efa5ccee42ff791e0ca,86,20150913
e087f8842fe66efa5ccee42ff791e0ca,114,20150914
e087f8842fe66efa5ccee42ff791e0ca,213,20150915
e087f8842fe66efa5ccee42ff791e0ca,125,20150916
e087f8842fe66efa5ccee42ff791e0ca,114,20150917
e087f8842fe66efa5ccee42ff791e0ca,182,20150918
e087f8842fe66efa5ccee42ff791e0ca,90,20150919
e087f8842fe66efa5ccee42ff791e0ca,106,20150920
e087f8842fe66efa5ccee42ff791e0ca,68,20150921
e087f8842fe66efa5ccee42ff791e0ca,122,20150922
e087f8842fe66efa5ccee42ff791e0ca,214,20150923
e087f8842fe66efa5ccee42ff791e0ca,159,20150924
e087f8842fe66efa5ccee42ff791e0ca,119,20150925
e087f8842fe66efa5ccee42ff791e0ca,172,20150926
e087f8842fe66efa5ccee42ff791e0ca,160,20150927
e087f8842fe66efa5ccee42ff791e0ca,99,20150928
e087f8842fe66efa5ccee42ff791e0ca,116,20150929
e087f8842fe66efa5ccee42ff791e0ca,119,20150930
e087f8842fe66efa5ccee42ff791e0ca,191,20151001
e087f8842fe66efa5ccee42ff791e0ca,277,20151002
e087f8842fe66efa5ccee42ff791e0ca,192,20151003
e087f8842fe66efa5ccee42ff791e0ca,149,20151004
e087f8842fe66efa5ccee42ff791e0ca,129,20151005
e087f8842fe66efa5ccee42ff791e0ca,242,20151006
e087f8842fe66efa5ccee42ff791e0ca,99,20151007
e087f8842fe66efa5ccee42ff791e0ca,215,20151008
e087f8842fe66efa5ccee42ff791e0ca,79,20151009
e087f8842fe66efa5ccee42ff791e0ca,94,20151010
e087f8842fe66efa5ccee42ff791e0ca,62,20151011
e087f8842fe66efa5ccee42ff791e0ca,77,20151012
e087f8842fe66efa5ccee42ff791e0ca,159,20151013
e087f8842fe66efa5ccee42ff791e0ca,89,20151014
e087f8842fe66efa5ccee42ff791e0ca,96,20151015
e087f8842fe66efa5ccee42ff791e0ca,66,20151016
e087f8842fe66efa5ccee42ff791e0ca,76,20151017
e087f8842fe66efa5ccee42ff791e0ca,71,20151018
e087f8842fe66efa5ccee42ff791e0ca,63,20151019
e087f8842fe66efa5ccee42ff791e0ca,68,20151020
e087f8842fe66efa5ccee42ff791e0ca,83,20151021
e087f8842fe66efa5ccee42ff791e0ca,93,20151022
e087f8842fe66efa5ccee42ff791e0ca,85,20151023
e087f8842fe66efa5ccee42ff791e0ca,89,20151024
e087f8842fe66efa5ccee42ff791e0ca,149,20151025
e087f8842fe66efa5ccee42ff791e0ca,84,20151026
e087f8842fe66efa5ccee42ff791e0ca,70,20151027
e087f8842fe66efa5ccee42ff791e0ca,76,20151028
e087f8842fe66efa5ccee42ff791e0ca,67,20151029
e087f8842fe66efa5ccee42ff791e0ca,76,20151030
e6e2fff03cc32ee9777de2c2ed5bac30,169,20150901
e6e2fff03cc32ee9777de2c2ed5bac30,169,20150902
e6e2fff03cc32ee9777de2c2ed5bac30,169,20150903
e6e2fff03cc32ee9777de2c2ed5bac30,169,20150904
e6e2fff03cc32ee9777de2c2ed5bac30,169,20150905
e6e2fff03cc32ee9777de2c2ed5bac30,169,20150906
e6e2fff03cc32ee9777de2c2ed5bac30,169,20150907
e6e2fff03cc32ee9777de2c2ed5bac30,169,20150908
e6e2fff03cc32ee9777de2c2ed5bac30,169,20150909
e6e2fff03cc32ee9777de2c2ed5bac30,169,20150910
e6e2fff03cc32ee9777de2c2ed5bac30,169,20150911
e6e2fff03cc32ee9777de2c2ed5bac30,169,20150912
e6e2fff03cc32ee9777de2c2ed5bac30,169,20150913
e6e2fff03cc32ee9777de2c2ed5bac30,169,20150914
e6e2fff03cc32ee9777de2c2ed5bac30,169,20150915
e6e2fff03cc32ee9777de2c2ed5bac30,169,20150916
e6e2fff03cc32ee9777de2c2ed5bac30,169,20150917
e6e2fff03cc32ee9777de2c2ed5bac30,169,20150918
e6e2fff03cc32ee9777de2c2ed5bac30,169,20150919
e6e2fff03cc32ee9777de2c2ed5bac30,169,20150920
e6e2fff03cc32ee9777de2c2ed5bac30,169,20150921
e6e2fff03cc32ee9777de2c2ed5bac30,169,20150922
e6e2fff03cc32ee9777de2c2ed5bac30,169,20150923
e6e2fff03cc32ee9777de2c2ed5bac30,169,20150924
e6e2fff03cc32ee9777de2c2ed5bac30,169,20150925
e6e2fff03cc32ee9777de2c2ed5bac30,169,20150926
e6e2fff03cc32ee9777de2c2ed5bac30,169,20150927
e6e2fff03cc32ee9777de2c2ed5bac30,169,20150928
e6e2fff03cc32ee9777de2c2ed5bac30,169,20150929
e6e2fff03cc32ee9777de2c2ed5bac30,169,20150930
e6e2fff03cc32ee9777de2c2ed5bac30,169,20151001
e6e2fff03cc32ee9777de2c2ed5bac30,169,20151002
e6e2fff03cc32ee9777de2c2ed5bac30,169,20151003
e6e2fff03cc32ee9777de2c2ed5bac30,169,20151004
e6e2fff03cc32ee9777de2c2ed5bac30,169,20151005
e6e2fff03cc32ee9777de2c2ed5bac30,169,20151006
e6e2fff03cc32ee9777de2c2ed5bac30,169,20151007
e6e2fff03cc32ee9777de2c2ed5bac30,169,20151008
e6e2fff03cc32ee9777de2c2ed5bac30,169,20151009
e6e2fff03cc32ee9777de2c2ed5bac30,169,20151010
e6e2fff03cc32ee9777de2c2ed5bac30,169,20151011
e6e2fff03cc32ee9777de2c2ed5bac30,169,20151012
e6e2fff03cc32ee9777de2c2ed5bac30,169,20151013
e6e2fff03cc32ee9777de2c2ed5bac30,169,20151014
e6e2fff03cc32ee9777de2c2ed5bac30,169,20151015
e6e2fff03cc32ee9777de2c2ed5bac30,169,20151016
e6e2fff03cc32ee9777de2c2ed5bac30,169,20151017
e6e2fff03cc32ee9777de2c2ed5bac30,169,20151018
e6e2fff03cc32ee9777de2c2ed5bac30,169,20151019
e6e2fff03cc32ee9777de2c2ed5bac30,169,20151020
e6e2fff03cc32ee9777de2c2ed5bac30,169,20151021
e6e2fff03cc32ee9777de2c2ed5bac30,169,20151022
e6e2fff03cc32ee9777de2c2ed5bac30,169,20151023
e6e2fff03cc32ee9777de2c2ed5bac30,169,20151024
e6e2fff03cc32ee9777de2c2ed5bac30,169,20151025
e6e2fff03cc32ee9777de2c2ed5bac30,169,20151026
e6e2fff03cc32ee9777de2c2ed5bac30,169,20151027
e6e2fff03cc32ee9777de2c2ed5bac30,169,20151028
e6e2fff03cc32ee9777de2c2ed5bac30,169,20151029
e6e2fff03cc32ee9777de2c2ed5bac30,169,20151030
f5a5373f30de984e9142a206f94a2f46,180,20150901
f5a5373f30de984e9142a206f94a2f46,129,20150902
f5a5373f30de984e9142a206f94a2f46,111,20150903
f5a5373f30de984e9142a206f94a2f46,128,20150904
f5a5373f30de984e9142a206f94a2f46,141,20150905
f5a5373f30de984e9142a206f94a2f46,102,20150906
f5a5373f30de984e9142a206f94a2f46,114,20150907
f5a5373f30de984e9142a206f94a2f46,153,20150908
f5a5373f30de984e9142a206f94a2f46,122,20150909
f5a5373f30de984e9142a206f94a2f46,129,20150910
f5a5373f30de984e9142a206f94a2f46,134,20150911
f5a5373f30de984e9142a206f94a2f46,133,20150912
f5a5373f30de984e9142a206f94a2f46,161,20150913
f5a5373f30de984e9142a206f94a2f46,148,20150914
f5a5373f30de984e9142a206f94a2f46,154,20150915
f5a5373f30de984e9142a206f94a2f46,158,20150916
f5a5373f30de984e9142a206f94a2f46,142,20150917
f5a5373f30de984e9142a206f94a2f46,185,20150918
f5a5373f30de984e9142a206f94a2f46,124,20150919
f5a5373f30de984e9142a206f94a2f46,133,20150920
f5a5373f30de984e9142a206f94a2f46,184,20150921
f5a5373f30de984e9142a206f94a2f46,135,20150922
f5a5373f30de984e9142a206f94a2f46,143,20150923
f5a5373f30de984e9142a206f94a2f46,133,20150924
f5a5373f30de984e9142a206f94a2f46,141,20150925
f5a5373f30de984e9142a206f94a2f46,117,20150926
f5a5373f30de984e9142a206f94a2f46,180,20150927
f5a5373f30de984e9142a206f94a2f46,133,20150928
f5a5373f30de984e9142a206f94a2f46,154,20150929
f5a5373f30de984e9142a206f94a2f46,134,20150930
f5a5373f30de984e9142a206f94a2f46,156,20151001
f5a5373f30de984e9142a206f94a2f46,123,20151002
f5a5373f30de984e9142a206f94a2f46,105,20151003
f5a5373f30de984e9142a206f94a2f46,150,20151004
f5a5373f30de984e9142a206f94a2f46,106,20151005
f5a5373f30de984e9142a206f94a2f46,126,20151006
f5a5373f30de984e9142a206f94a2f46,120,20151007
f5a5373f30de984e9142a206f94a2f46,138,20151008
f5a5373f30de984e9142a206f94a2f46,148,20151009
f5a5373f30de984e9142a206f94a2f46,166,20151010
f5a5373f30de984e9142a206f94a2f46,112,20151011
f5a5373f30de984e9142a206f94a2f46,129,20151012
f5a5373f30de984e9142a206f94a2f46,121,20151013
f5a5373f30de984e9142a206f94a2f46,118,20151014
f5a5373f30de984e9142a206f94a2f46,128,20151015
f5a5373f30de984e9142a206f94a2f46,117,20151016
f5a5373f30de984e9142a206f94a2f46,150,20151017
f5a5373f30de984e9142a206f94a2f46,162,20151018
f5a5373f30de984e9142a206f94a2f46,129,20151019
f5a5373f30de984e9142a206f94a2f46,141,20151020
f5a5373f30de984e9142a206f94a2f46,150,20151021
f5a5373f30de984e9142a206f94a2f46,126,20151022
f5a5373f30de984e9142a206f94a2f46,118,20151023
f5a5373f30de984e9142a206f94a2f46,155,20151024
f5a5373f30de984e9142a206f94a2f46,131,20151025
f5a5373f30de984e9142a206f94a2f46,120,20151026
f5a5373f30de984e9142a206f94a2f46,126,20151027
f5a5373f30de984e9142a206f94a2f46,116,20151028
f5a5373f30de984e9142a206f94a2f46,178,20151029
f5a5373f30de984e9142a206f94a2f46,123,20151030
f6e0f05fde7637afb8f8bc6bda74ca24,166,20150901
f6e0f05fde7637afb8f8bc6bda74ca24,160,20150902
f6e0f05fde7637afb8f8bc6bda74ca24,168,20150903
f6e0f05fde7637afb8f8bc6bda74ca24,148,20150904
f6e0f05fde7637afb8f8bc6bda74ca24,171,20150905
f6e0f05fde7637afb8f8bc6bda74ca24,196,20150906
f6e0f05fde7637afb8f8bc6bda74ca24,252,20150907
f6e0f05fde7637afb8f8bc6bda74ca24,235,20150908
f6e0f05fde7637afb8f8bc6bda74ca24,238,20150909
f6e0f05fde7637afb8f8bc6bda74ca24,256,20150910
f6e0f05fde7637afb8f8bc6bda74ca24,229,20150911
f6e0f05fde7637afb8f8bc6bda74ca24,197,20150912
f6e0f05fde7637afb8f8bc6bda74ca24,225,20150913
f6e0f05fde7637afb8f8bc6bda74ca24,182,20150914
f6e0f05fde7637afb8f8bc6bda74ca24,162,20150915
f6e0f05fde7637afb8f8bc6bda74ca24,159,20150916
f6e0f05fde7637afb8f8bc6bda74ca24,170,20150917
f6e0f05fde7637afb8f8bc6bda74ca24,222,20150918
f6e0f05fde7637afb8f8bc6bda74ca24,226,20150919
f6e0f05fde7637afb8f8bc6bda74ca24,214,20150920
f6e0f05fde7637afb8f8bc6bda74ca24,240,20150921
f6e0f05fde7637afb8f8bc6bda74ca24,202,20150922
f6e0f05fde7637afb8f8bc6bda74ca24,172,20150923
f6e0f05fde7637afb8f8bc6bda74ca24,185,20150924
f6e0f05fde7637afb8f8bc6bda74ca24,160,20150925
f6e0f05fde7637afb8f8bc6bda74ca24,215,20150926
f6e0f05fde7637afb8f8bc6bda74ca24,223,20150927
f6e0f05fde7637afb8f8bc6bda74ca24,174,20150928
f6e0f05fde7637afb8f8bc6bda74ca24,182,20150929
f6e0f05fde7637afb8f8bc6bda74ca24,177,20150930
f6e0f05fde7637afb8f8bc6bda74ca24,209,20151001
f6e0f05fde7637afb8f8bc6bda74ca24,245,20151002
f6e0f05fde7637afb8f8bc6bda74ca24,208,20151003
f6e0f05fde7637afb8f8bc6bda74ca24,174,20151004
f6e0f05fde7637afb8f8bc6bda74ca24,201,20151005
f6e0f05fde7637afb8f8bc6bda74ca24,195,20151006
f6e0f05fde7637afb8f8bc6bda74ca24,180,20151007
f6e0f05fde7637afb8f8bc6bda74ca24,208,20151008
f6e0f05fde7637afb8f8bc6bda74ca24,202,20151009
f6e0f05fde7637afb8f8bc6bda74ca24,171,20151010
f6e0f05fde7637afb8f8bc6bda74ca24,184,20151011
f6e0f05fde7637afb8f8bc6bda74ca24,140,20151012
f6e0f05fde7637afb8f8bc6bda74ca24,161,20151013
f6e0f05fde7637afb8f8bc6bda74ca24,162,20151014
f6e0f05fde7637afb8f8bc6bda74ca24,184,20151015
f6e0f05fde7637afb8f8bc6bda74ca24,166,20151016
f6e0f05fde7637afb8f8bc6bda74ca24,161,20151017
f6e0f05fde7637afb8f8bc6bda74ca24,156,20151018
f6e0f05fde7637afb8f8bc6bda74ca24,198,20151019
f6e0f05fde7637afb8f8bc6bda74ca24,192,20151020
f6e0f05fde7637afb8f8bc6bda74ca24,164,20151021
f6e0f05fde7637afb8f8bc6bda74ca24,173,20151022
f6e0f05fde7637afb8f8bc6bda74ca24,176,20151023
f6e0f05fde7637afb8f8bc6bda74ca24,151,20151024
f6e0f05fde7637afb8f8bc6bda74ca24,173,20151025
f6e0f05fde7637afb8f8bc6bda74ca24,188,20151026
f6e0f05fde7637afb8f8bc6bda74ca24,287,20151027
f6e0f05fde7637afb8f8bc6bda74ca24,214,20151028
f6e0f05fde7637afb8f8bc6bda74ca24,229,20151029
f6e0f05fde7637afb8f8bc6bda74ca24,250,20151030
